"municipality_id","municipality","year","unemployment"
"2101","Benešov","2006",3.05
"2101","Benešov","2007",2.24
"2101","Benešov","2008",2.15
"2101","Benešov","2009",4.4
"2101","Benešov","2010",4.69
"2101","Benešov","2011",4.35
"2101","Benešov","2012",4.26
"2101","Benešov","2013",4.17
"2101","Benešov","2014",4.07
"2101","Benešov","2015",3.64
"2101","Benešov","2016",2.51
"2101","Benešov","2017",1.76
"2101","Benešov","2018",1.38
"2101","Benešov","2019",1.45
"2101","Benešov","2020",2.34
"2102","Beroun","2006",3.59
"2102","Beroun","2007",3.07
"2102","Beroun","2008",3.17
"2102","Beroun","2009",5.6
"2102","Beroun","2010",6.28
"2102","Beroun","2011",5.83
"2102","Beroun","2012",6.07
"2102","Beroun","2013",6.31
"2102","Beroun","2014",6.54
"2102","Beroun","2015",5.71
"2102","Beroun","2016",4.64
"2102","Beroun","2017",3.32
"2102","Beroun","2018",2.9
"2102","Beroun","2019",2.87
"2102","Beroun","2020",3.86
"2103","Brandýs nad Labem-Stará Boleslav","2006",1.77
"2103","Brandýs nad Labem-Stará Boleslav","2007",1.4
"2103","Brandýs nad Labem-Stará Boleslav","2008",1.56
"2103","Brandýs nad Labem-Stará Boleslav","2009",3.03
"2103","Brandýs nad Labem-Stará Boleslav","2010",3.31
"2103","Brandýs nad Labem-Stará Boleslav","2011",2.79
"2103","Brandýs nad Labem-Stará Boleslav","2012",3.07
"2103","Brandýs nad Labem-Stará Boleslav","2013",3.35
"2103","Brandýs nad Labem-Stará Boleslav","2014",3.62
"2103","Brandýs nad Labem-Stará Boleslav","2015",2.73
"2103","Brandýs nad Labem-Stará Boleslav","2016",1.9
"2103","Brandýs nad Labem-Stará Boleslav","2017",1.37
"2103","Brandýs nad Labem-Stará Boleslav","2018",1.23
"2103","Brandýs nad Labem-Stará Boleslav","2019",1.14
"2103","Brandýs nad Labem-Stará Boleslav","2020",2.05
"2104","Čáslav","2006",6.18
"2104","Čáslav","2007",4.46
"2104","Čáslav","2008",5.14
"2104","Čáslav","2009",7.27
"2104","Čáslav","2010",7.56
"2104","Čáslav","2011",7.48
"2104","Čáslav","2012",7.54
"2104","Čáslav","2013",7.6
"2104","Čáslav","2014",7.66
"2104","Čáslav","2015",6.95
"2104","Čáslav","2016",5.82
"2104","Čáslav","2017",4.68
"2104","Čáslav","2018",3.98
"2104","Čáslav","2019",3.43
"2104","Čáslav","2020",3.73
"2105","Černošice","2006",1.48
"2105","Černošice","2007",1.2
"2105","Černošice","2008",1.35
"2105","Černošice","2009",2.99
"2105","Černošice","2010",3.13
"2105","Černošice","2011",2.97
"2105","Černošice","2012",3.44
"2105","Černošice","2013",3.91
"2105","Černošice","2014",4.37
"2105","Černošice","2015",3.64
"2105","Černošice","2016",2.69
"2105","Černošice","2017",1.78
"2105","Černošice","2018",1.51
"2105","Černošice","2019",1.39
"2105","Černošice","2020",2.86
"2106","Český Brod","2006",4.49
"2106","Český Brod","2007",4.13
"2106","Český Brod","2008",4.19
"2106","Český Brod","2009",6.39
"2106","Český Brod","2010",7.34
"2106","Český Brod","2011",6.67
"2106","Český Brod","2012",6.82
"2106","Český Brod","2013",6.97
"2106","Český Brod","2014",7.13
"2106","Český Brod","2015",5.9
"2106","Český Brod","2016",4.51
"2106","Český Brod","2017",2.84
"2106","Český Brod","2018",2.08
"2106","Český Brod","2019",2.23
"2106","Český Brod","2020",3.46
"2107","Dobříš","2006",5.11
"2107","Dobříš","2007",3.9
"2107","Dobříš","2008",4.1
"2107","Dobříš","2009",6.86
"2107","Dobříš","2010",8.07
"2107","Dobříš","2011",7.14
"2107","Dobříš","2012",7.54
"2107","Dobříš","2013",7.94
"2107","Dobříš","2014",8.33
"2107","Dobříš","2015",7.7
"2107","Dobříš","2016",5.96
"2107","Dobříš","2017",4.15
"2107","Dobříš","2018",3.76
"2107","Dobříš","2019",3.36
"2107","Dobříš","2020",4.75
"2108","Hořovice","2006",2.18
"2108","Hořovice","2007",1.38
"2108","Hořovice","2008",1.91
"2108","Hořovice","2009",4.78
"2108","Hořovice","2010",4.84
"2108","Hořovice","2011",4.28
"2108","Hořovice","2012",4.34
"2108","Hořovice","2013",4.4
"2108","Hořovice","2014",4.46
"2108","Hořovice","2015",3.56
"2108","Hořovice","2016",2.68
"2108","Hořovice","2017",2.18
"2108","Hořovice","2018",1.75
"2108","Hořovice","2019",1.84
"2108","Hořovice","2020",2.91
"2109","Kladno","2006",5.86
"2109","Kladno","2007",4.57
"2109","Kladno","2008",4.34
"2109","Kladno","2009",6.56
"2109","Kladno","2010",7.16
"2109","Kladno","2011",7.14
"2109","Kladno","2012",7.48
"2109","Kladno","2013",7.82
"2109","Kladno","2014",8.15
"2109","Kladno","2015",6.89
"2109","Kladno","2016",5.95
"2109","Kladno","2017",4.44
"2109","Kladno","2018",3.47
"2109","Kladno","2019",3.2
"2109","Kladno","2020",4.76
"2110","Kolín","2006",4.97
"2110","Kolín","2007",4.29
"2110","Kolín","2008",4.86
"2110","Kolín","2009",7.19
"2110","Kolín","2010",8.48
"2110","Kolín","2011",7.89
"2110","Kolín","2012",7.9
"2110","Kolín","2013",7.91
"2110","Kolín","2014",7.91
"2110","Kolín","2015",6.9
"2110","Kolín","2016",5.61
"2110","Kolín","2017",4.22
"2110","Kolín","2018",3.53
"2110","Kolín","2019",3.39
"2110","Kolín","2020",4.02
"2111","Kralupy nad Vltavou","2006",3.73
"2111","Kralupy nad Vltavou","2007",3.2
"2111","Kralupy nad Vltavou","2008",3.27
"2111","Kralupy nad Vltavou","2009",4.54
"2111","Kralupy nad Vltavou","2010",5.33
"2111","Kralupy nad Vltavou","2011",4.59
"2111","Kralupy nad Vltavou","2012",5.09
"2111","Kralupy nad Vltavou","2013",5.59
"2111","Kralupy nad Vltavou","2014",6.09
"2111","Kralupy nad Vltavou","2015",5.37
"2111","Kralupy nad Vltavou","2016",4.02
"2111","Kralupy nad Vltavou","2017",2.75
"2111","Kralupy nad Vltavou","2018",2.53
"2111","Kralupy nad Vltavou","2019",2.85
"2111","Kralupy nad Vltavou","2020",4.23
"2112","Kutná Hora","2006",6
"2112","Kutná Hora","2007",4.6
"2112","Kutná Hora","2008",4.82
"2112","Kutná Hora","2009",7.03
"2112","Kutná Hora","2010",7.6
"2112","Kutná Hora","2011",7.07
"2112","Kutná Hora","2012",7.18
"2112","Kutná Hora","2013",7.29
"2112","Kutná Hora","2014",7.39
"2112","Kutná Hora","2015",6.17
"2112","Kutná Hora","2016",5.1
"2112","Kutná Hora","2017",3.86
"2112","Kutná Hora","2018",3.03
"2112","Kutná Hora","2019",2.92
"2112","Kutná Hora","2020",3.51
"2113","Lysá nad Labem","2006",5.06
"2113","Lysá nad Labem","2007",3.67
"2113","Lysá nad Labem","2008",4.15
"2113","Lysá nad Labem","2009",6.36
"2113","Lysá nad Labem","2010",7.18
"2113","Lysá nad Labem","2011",6.18
"2113","Lysá nad Labem","2012",6.65
"2113","Lysá nad Labem","2013",7.12
"2113","Lysá nad Labem","2014",7.58
"2113","Lysá nad Labem","2015",5.93
"2113","Lysá nad Labem","2016",4.62
"2113","Lysá nad Labem","2017",3.46
"2113","Lysá nad Labem","2018",3.07
"2113","Lysá nad Labem","2019",2.6
"2113","Lysá nad Labem","2020",3.72
"2114","Mělník","2006",5.9
"2114","Mělník","2007",4.8
"2114","Mělník","2008",4.64
"2114","Mělník","2009",7.2
"2114","Mělník","2010",7.82
"2114","Mělník","2011",7.4
"2114","Mělník","2012",7.73
"2114","Mělník","2013",8.06
"2114","Mělník","2014",8.38
"2114","Mělník","2015",7.08
"2114","Mělník","2016",5.64
"2114","Mělník","2017",4.1
"2114","Mělník","2018",3.27
"2114","Mělník","2019",2.86
"2114","Mělník","2020",3.99
"2115","Mladá Boleslav","2006",2.56
"2115","Mladá Boleslav","2007",1.88
"2115","Mladá Boleslav","2008",2.4
"2115","Mladá Boleslav","2009",4.19
"2115","Mladá Boleslav","2010",4.55
"2115","Mladá Boleslav","2011",4
"2115","Mladá Boleslav","2012",4.16
"2115","Mladá Boleslav","2013",4.32
"2115","Mladá Boleslav","2014",4.47
"2115","Mladá Boleslav","2015",3.56
"2115","Mladá Boleslav","2016",2.72
"2115","Mladá Boleslav","2017",2.16
"2115","Mladá Boleslav","2018",1.93
"2115","Mladá Boleslav","2019",1.64
"2115","Mladá Boleslav","2020",2.13
"2116","Mnichovo Hradiště","2006",2.82
"2116","Mnichovo Hradiště","2007",1.93
"2116","Mnichovo Hradiště","2008",2.57
"2116","Mnichovo Hradiště","2009",5.05
"2116","Mnichovo Hradiště","2010",5.11
"2116","Mnichovo Hradiště","2011",4.03
"2116","Mnichovo Hradiště","2012",3.93
"2116","Mnichovo Hradiště","2013",3.83
"2116","Mnichovo Hradiště","2014",3.72
"2116","Mnichovo Hradiště","2015",3.02
"2116","Mnichovo Hradiště","2016",2.48
"2116","Mnichovo Hradiště","2017",2.01
"2116","Mnichovo Hradiště","2018",1.85
"2116","Mnichovo Hradiště","2019",1.66
"2116","Mnichovo Hradiště","2020",2.36
"2117","Neratovice","2006",4.82
"2117","Neratovice","2007",4.18
"2117","Neratovice","2008",4.29
"2117","Neratovice","2009",6.85
"2117","Neratovice","2010",7.79
"2117","Neratovice","2011",7.04
"2117","Neratovice","2012",7.58
"2117","Neratovice","2013",8.12
"2117","Neratovice","2014",8.65
"2117","Neratovice","2015",7.77
"2117","Neratovice","2016",5.93
"2117","Neratovice","2017",4.64
"2117","Neratovice","2018",3.54
"2117","Neratovice","2019",2.86
"2117","Neratovice","2020",4.21
"2118","Nymburk","2006",5.79
"2118","Nymburk","2007",4.86
"2118","Nymburk","2008",5.15
"2118","Nymburk","2009",7.57
"2118","Nymburk","2010",8.47
"2118","Nymburk","2011",8.16
"2118","Nymburk","2012",8.03
"2118","Nymburk","2013",7.9
"2118","Nymburk","2014",7.78
"2118","Nymburk","2015",6.86
"2118","Nymburk","2016",5.64
"2118","Nymburk","2017",4.43
"2118","Nymburk","2018",3.9
"2118","Nymburk","2019",3.42
"2118","Nymburk","2020",4.73
"2119","Poděbrady","2006",5.79
"2119","Poděbrady","2007",4.78
"2119","Poděbrady","2008",6.15
"2119","Poděbrady","2009",7.35
"2119","Poděbrady","2010",8.45
"2119","Poděbrady","2011",8.03
"2119","Poděbrady","2012",8
"2119","Poděbrady","2013",7.97
"2119","Poděbrady","2014",7.94
"2119","Poděbrady","2015",7.03
"2119","Poděbrady","2016",6
"2119","Poděbrady","2017",4.25
"2119","Poděbrady","2018",4.05
"2119","Poděbrady","2019",3.43
"2119","Poděbrady","2020",4.82
"2120","Příbram","2006",5.74
"2120","Příbram","2007",5.06
"2120","Příbram","2008",5.28
"2120","Příbram","2009",8.23
"2120","Příbram","2010",9.01
"2120","Příbram","2011",8.26
"2120","Příbram","2012",8.63
"2120","Příbram","2013",9
"2120","Příbram","2014",9.36
"2120","Příbram","2015",8.13
"2120","Příbram","2016",6.67
"2120","Příbram","2017",4.6
"2120","Příbram","2018",3.77
"2120","Příbram","2019",3.51
"2120","Příbram","2020",4.69
"2121","Rakovník","2006",4.63
"2121","Rakovník","2007",3.79
"2121","Rakovník","2008",4.07
"2121","Rakovník","2009",6.52
"2121","Rakovník","2010",6.86
"2121","Rakovník","2011",6.61
"2121","Rakovník","2012",6.76
"2121","Rakovník","2013",6.91
"2121","Rakovník","2014",7.07
"2121","Rakovník","2015",5.7
"2121","Rakovník","2016",4.59
"2121","Rakovník","2017",3.43
"2121","Rakovník","2018",2.87
"2121","Rakovník","2019",2.48
"2121","Rakovník","2020",3.19
"2122","Říčany","2006",1.74
"2122","Říčany","2007",1.24
"2122","Říčany","2008",1.36
"2122","Říčany","2009",2.47
"2122","Říčany","2010",3.12
"2122","Říčany","2011",2.63
"2122","Říčany","2012",2.72
"2122","Říčany","2013",2.81
"2122","Říčany","2014",2.9
"2122","Říčany","2015",2.3
"2122","Říčany","2016",1.59
"2122","Říčany","2017",1.21
"2122","Říčany","2018",0.92
"2122","Říčany","2019",0.98
"2122","Říčany","2020",1.9
"2123","Sedlčany","2006",3.38
"2123","Sedlčany","2007",2.83
"2123","Sedlčany","2008",3.66
"2123","Sedlčany","2009",6.12
"2123","Sedlčany","2010",7.31
"2123","Sedlčany","2011",6.42
"2123","Sedlčany","2012",6.85
"2123","Sedlčany","2013",7.28
"2123","Sedlčany","2014",7.72
"2123","Sedlčany","2015",5.73
"2123","Sedlčany","2016",4.52
"2123","Sedlčany","2017",3.37
"2123","Sedlčany","2018",2.65
"2123","Sedlčany","2019",2.84
"2123","Sedlčany","2020",3.54
"2124","Slaný","2006",4.95
"2124","Slaný","2007",4.34
"2124","Slaný","2008",4.32
"2124","Slaný","2009",6.59
"2124","Slaný","2010",7.54
"2124","Slaný","2011",7.07
"2124","Slaný","2012",7.39
"2124","Slaný","2013",7.71
"2124","Slaný","2014",8.04
"2124","Slaný","2015",6.57
"2124","Slaný","2016",5.79
"2124","Slaný","2017",4.72
"2124","Slaný","2018",3.97
"2124","Slaný","2019",3.23
"2124","Slaný","2020",4.48
"2125","Vlašim","2006",2.83
"2125","Vlašim","2007",2.19
"2125","Vlašim","2008",2.62
"2125","Vlašim","2009",4.39
"2125","Vlašim","2010",5.07
"2125","Vlašim","2011",4.45
"2125","Vlašim","2012",4.52
"2125","Vlašim","2013",4.59
"2125","Vlašim","2014",4.67
"2125","Vlašim","2015",3.95
"2125","Vlašim","2016",3.09
"2125","Vlašim","2017",2.14
"2125","Vlašim","2018",1.81
"2125","Vlašim","2019",1.73
"2125","Vlašim","2020",2.28
"2126","Votice","2006",2.22
"2126","Votice","2007",2.09
"2126","Votice","2008",2.19
"2126","Votice","2009",3.57
"2126","Votice","2010",4.4
"2126","Votice","2011",4.12
"2126","Votice","2012",3.86
"2126","Votice","2013",3.6
"2126","Votice","2014",3.33
"2126","Votice","2015",2.81
"2126","Votice","2016",2.49
"2126","Votice","2017",1.91
"2126","Votice","2018",1.29
"2126","Votice","2019",1.67
"2126","Votice","2020",2.38
"3101","Blatná","2006",5.58
"3101","Blatná","2007",4.32
"3101","Blatná","2008",4.53
"3101","Blatná","2009",6.46
"3101","Blatná","2010",7.27
"3101","Blatná","2011",6.96
"3101","Blatná","2012",6.71
"3101","Blatná","2013",6.46
"3101","Blatná","2014",6.22
"3101","Blatná","2015",5.04
"3101","Blatná","2016",3.59
"3101","Blatná","2017",2.49
"3101","Blatná","2018",1.89
"3101","Blatná","2019",1.68
"3101","Blatná","2020",2.58
"3102","České Budějovice","2006",2.75
"3102","České Budějovice","2007",2.39
"3102","České Budějovice","2008",2.65
"3102","České Budějovice","2009",4.27
"3102","České Budějovice","2010",4.71
"3102","České Budějovice","2011",4.4
"3102","České Budějovice","2012",4.57
"3102","České Budějovice","2013",4.74
"3102","České Budějovice","2014",4.9
"3102","České Budějovice","2015",3.9
"3102","České Budějovice","2016",3.12
"3102","České Budějovice","2017",2.41
"3102","České Budějovice","2018",1.85
"3102","České Budějovice","2019",1.71
"3102","České Budějovice","2020",2.94
"3103","Český Krumlov","2006",6.73
"3103","Český Krumlov","2007",5.53
"3103","Český Krumlov","2008",5.79
"3103","Český Krumlov","2009",7.99
"3103","Český Krumlov","2010",9.27
"3103","Český Krumlov","2011",8.27
"3103","Český Krumlov","2012",8.4
"3103","Český Krumlov","2013",8.53
"3103","Český Krumlov","2014",8.67
"3103","Český Krumlov","2015",7.52
"3103","Český Krumlov","2016",6.72
"3103","Český Krumlov","2017",5.14
"3103","Český Krumlov","2018",4.05
"3103","Český Krumlov","2019",3.98
"3103","Český Krumlov","2020",5.24
"3104","Dačice","2006",6.82
"3104","Dačice","2007",4.97
"3104","Dačice","2008",4.75
"3104","Dačice","2009",9.17
"3104","Dačice","2010",9.04
"3104","Dačice","2011",7.37
"3104","Dačice","2012",7.28
"3104","Dačice","2013",7.19
"3104","Dačice","2014",7.1
"3104","Dačice","2015",5.88
"3104","Dačice","2016",5.01
"3104","Dačice","2017",3.59
"3104","Dačice","2018",3.19
"3104","Dačice","2019",2.35
"3104","Dačice","2020",3.24
"3105","Jindřichův Hradec","2006",3.94
"3105","Jindřichův Hradec","2007",3.03
"3105","Jindřichův Hradec","2008",2.83
"3105","Jindřichův Hradec","2009",5.17
"3105","Jindřichův Hradec","2010",5.47
"3105","Jindřichův Hradec","2011",5.14
"3105","Jindřichův Hradec","2012",5.18
"3105","Jindřichův Hradec","2013",5.22
"3105","Jindřichův Hradec","2014",5.27
"3105","Jindřichův Hradec","2015",4.29
"3105","Jindřichův Hradec","2016",3.14
"3105","Jindřichův Hradec","2017",2.24
"3105","Jindřichův Hradec","2018",1.88
"3105","Jindřichův Hradec","2019",1.86
"3105","Jindřichův Hradec","2020",2.45
"3106","Kaplice","2006",5.74
"3106","Kaplice","2007",4.15
"3106","Kaplice","2008",4.96
"3106","Kaplice","2009",8.48
"3106","Kaplice","2010",8.28
"3106","Kaplice","2011",6.89
"3106","Kaplice","2012",7.22
"3106","Kaplice","2013",7.55
"3106","Kaplice","2014",7.89
"3106","Kaplice","2015",6.86
"3106","Kaplice","2016",5.97
"3106","Kaplice","2017",4.04
"3106","Kaplice","2018",2.68
"3106","Kaplice","2019",2.81
"3106","Kaplice","2020",4.18
"3107","Milevsko","2006",5.29
"3107","Milevsko","2007",4.63
"3107","Milevsko","2008",4.86
"3107","Milevsko","2009",6.5
"3107","Milevsko","2010",6.13
"3107","Milevsko","2011",5.51
"3107","Milevsko","2012",5.3
"3107","Milevsko","2013",5.09
"3107","Milevsko","2014",4.88
"3107","Milevsko","2015",4.47
"3107","Milevsko","2016",3.81
"3107","Milevsko","2017",2.79
"3107","Milevsko","2018",2.42
"3107","Milevsko","2019",2.69
"3107","Milevsko","2020",3.03
"3108","Písek","2006",4.85
"3108","Písek","2007",3.48
"3108","Písek","2008",3.65
"3108","Písek","2009",5.72
"3108","Písek","2010",6.27
"3108","Písek","2011",5.39
"3108","Písek","2012",5.42
"3108","Písek","2013",5.45
"3108","Písek","2014",5.48
"3108","Písek","2015",4.15
"3108","Písek","2016",3.34
"3108","Písek","2017",2.26
"3108","Písek","2018",1.62
"3108","Písek","2019",1.67
"3108","Písek","2020",2.32
"3109","Prachatice","2006",4.05
"3109","Prachatice","2007",2.98
"3109","Prachatice","2008",3.77
"3109","Prachatice","2009",5.27
"3109","Prachatice","2010",5.64
"3109","Prachatice","2011",5.34
"3109","Prachatice","2012",5.24
"3109","Prachatice","2013",5.14
"3109","Prachatice","2014",5.04
"3109","Prachatice","2015",4.41
"3109","Prachatice","2016",3.87
"3109","Prachatice","2017",3.02
"3109","Prachatice","2018",2.29
"3109","Prachatice","2019",2.46
"3109","Prachatice","2020",2.7
"3110","Soběslav","2006",4.49
"3110","Soběslav","2007",3.69
"3110","Soběslav","2008",4.34
"3110","Soběslav","2009",7.33
"3110","Soběslav","2010",8
"3110","Soběslav","2011",7.49
"3110","Soběslav","2012",7.55
"3110","Soběslav","2013",7.61
"3110","Soběslav","2014",7.67
"3110","Soběslav","2015",6.75
"3110","Soběslav","2016",5.56
"3110","Soběslav","2017",4.24
"3110","Soběslav","2018",2.34
"3110","Soběslav","2019",1.9
"3110","Soběslav","2020",3.22
"3111","Strakonice","2006",4.52
"3111","Strakonice","2007",3.72
"3111","Strakonice","2008",4.41
"3111","Strakonice","2009",6.6
"3111","Strakonice","2010",7.93
"3111","Strakonice","2011",6.39
"3111","Strakonice","2012",6.44
"3111","Strakonice","2013",6.49
"3111","Strakonice","2014",6.54
"3111","Strakonice","2015",5.58
"3111","Strakonice","2016",5.09
"3111","Strakonice","2017",3.14
"3111","Strakonice","2018",2.97
"3111","Strakonice","2019",2.93
"3111","Strakonice","2020",3.52
"3112","Tábor","2006",4.04
"3112","Tábor","2007",3.29
"3112","Tábor","2008",3.73
"3112","Tábor","2009",6.8
"3112","Tábor","2010",7.3
"3112","Tábor","2011",6.99
"3112","Tábor","2012",7.08
"3112","Tábor","2013",7.17
"3112","Tábor","2014",7.26
"3112","Tábor","2015",5.93
"3112","Tábor","2016",5.44
"3112","Tábor","2017",4.04
"3112","Tábor","2018",3.02
"3112","Tábor","2019",2.91
"3112","Tábor","2020",3.54
"3113","Trhové Sviny","2006",3.15
"3113","Trhové Sviny","2007",2.57
"3113","Trhové Sviny","2008",2.74
"3113","Trhové Sviny","2009",5.35
"3113","Trhové Sviny","2010",5.34
"3113","Trhové Sviny","2011",4.77
"3113","Trhové Sviny","2012",5
"3113","Trhové Sviny","2013",5.23
"3113","Trhové Sviny","2014",5.46
"3113","Trhové Sviny","2015",3.68
"3113","Trhové Sviny","2016",3.33
"3113","Trhové Sviny","2017",2.38
"3113","Trhové Sviny","2018",1.85
"3113","Trhové Sviny","2019",1.79
"3113","Trhové Sviny","2020",2.48
"3114","Třeboň","2006",3.6
"3114","Třeboň","2007",2.78
"3114","Třeboň","2008",2.78
"3114","Třeboň","2009",5.29
"3114","Třeboň","2010",5
"3114","Třeboň","2011",4.76
"3114","Třeboň","2012",5.15
"3114","Třeboň","2013",5.54
"3114","Třeboň","2014",5.94
"3114","Třeboň","2015",4.31
"3114","Třeboň","2016",3.41
"3114","Třeboň","2017",1.86
"3114","Třeboň","2018",1.34
"3114","Třeboň","2019",1.58
"3114","Třeboň","2020",2.48
"3115","Týn nad Vltavou","2006",3.93
"3115","Týn nad Vltavou","2007",2.9
"3115","Týn nad Vltavou","2008",3.26
"3115","Týn nad Vltavou","2009",5.41
"3115","Týn nad Vltavou","2010",5.32
"3115","Týn nad Vltavou","2011",5.13
"3115","Týn nad Vltavou","2012",5.32
"3115","Týn nad Vltavou","2013",5.51
"3115","Týn nad Vltavou","2014",5.7
"3115","Týn nad Vltavou","2015",4.56
"3115","Týn nad Vltavou","2016",4.16
"3115","Týn nad Vltavou","2017",2.68
"3115","Týn nad Vltavou","2018",2.04
"3115","Týn nad Vltavou","2019",1.84
"3115","Týn nad Vltavou","2020",2.8
"3116","Vimperk","2006",3.49
"3116","Vimperk","2007",2.75
"3116","Vimperk","2008",3
"3116","Vimperk","2009",5.02
"3116","Vimperk","2010",5.28
"3116","Vimperk","2011",5
"3116","Vimperk","2012",4.98
"3116","Vimperk","2013",4.96
"3116","Vimperk","2014",4.95
"3116","Vimperk","2015",4.15
"3116","Vimperk","2016",3.84
"3116","Vimperk","2017",2.91
"3116","Vimperk","2018",2.04
"3116","Vimperk","2019",2.6
"3116","Vimperk","2020",2.87
"3117","Vodňany","2006",5.52
"3117","Vodňany","2007",4.91
"3117","Vodňany","2008",5.24
"3117","Vodňany","2009",7.6
"3117","Vodňany","2010",8.72
"3117","Vodňany","2011",8.67
"3117","Vodňany","2012",8.66
"3117","Vodňany","2013",8.65
"3117","Vodňany","2014",8.65
"3117","Vodňany","2015",6.63
"3117","Vodňany","2016",4.82
"3117","Vodňany","2017",3.25
"3117","Vodňany","2018",2.9
"3117","Vodňany","2019",2.39
"3117","Vodňany","2020",3.14
"3201","Blovice","2006",2.83
"3201","Blovice","2007",2.25
"3201","Blovice","2008",3.09
"3201","Blovice","2009",5.56
"3201","Blovice","2010",4.96
"3201","Blovice","2011",4.75
"3201","Blovice","2012",4.81
"3201","Blovice","2013",4.87
"3201","Blovice","2014",4.92
"3201","Blovice","2015",4.24
"3201","Blovice","2016",3.39
"3201","Blovice","2017",2.01
"3201","Blovice","2018",1.63
"3201","Blovice","2019",1.81
"3201","Blovice","2020",2.25
"3202","Domažlice","2006",4.12
"3202","Domažlice","2007",3.24
"3202","Domažlice","2008",3.96
"3202","Domažlice","2009",7.07
"3202","Domažlice","2010",7.13
"3202","Domažlice","2011",5.86
"3202","Domažlice","2012",5.72
"3202","Domažlice","2013",5.58
"3202","Domažlice","2014",5.43
"3202","Domažlice","2015",5.2
"3202","Domažlice","2016",3.71
"3202","Domažlice","2017",2.14
"3202","Domažlice","2018",2.06
"3202","Domažlice","2019",2.01
"3202","Domažlice","2020",3.42
"3203","Horažďovice","2006",4.55
"3203","Horažďovice","2007",3.58
"3203","Horažďovice","2008",4.18
"3203","Horažďovice","2009",7.31
"3203","Horažďovice","2010",7.7
"3203","Horažďovice","2011",5.78
"3203","Horažďovice","2012",6.05
"3203","Horažďovice","2013",6.32
"3203","Horažďovice","2014",6.58
"3203","Horažďovice","2015",4.95
"3203","Horažďovice","2016",4.14
"3203","Horažďovice","2017",2.59
"3203","Horažďovice","2018",2.24
"3203","Horažďovice","2019",2.65
"3203","Horažďovice","2020",2.93
"3204","Horšovský Týn","2006",3.93
"3204","Horšovský Týn","2007",3.85
"3204","Horšovský Týn","2008",4.78
"3204","Horšovský Týn","2009",8.01
"3204","Horšovský Týn","2010",8.14
"3204","Horšovský Týn","2011",6.63
"3204","Horšovský Týn","2012",6.41
"3204","Horšovský Týn","2013",6.19
"3204","Horšovský Týn","2014",5.96
"3204","Horšovský Týn","2015",5.36
"3204","Horšovský Týn","2016",4.67
"3204","Horšovský Týn","2017",2.74
"3204","Horšovský Týn","2018",2.23
"3204","Horšovský Týn","2019",2.45
"3204","Horšovský Týn","2020",3.38
"3205","Klatovy","2006",4.81
"3205","Klatovy","2007",3.98
"3205","Klatovy","2008",3.95
"3205","Klatovy","2009",5.94
"3205","Klatovy","2010",6.6
"3205","Klatovy","2011",5.96
"3205","Klatovy","2012",5.65
"3205","Klatovy","2013",5.34
"3205","Klatovy","2014",5.04
"3205","Klatovy","2015",3.57
"3205","Klatovy","2016",2.33
"3205","Klatovy","2017",1.68
"3205","Klatovy","2018",1.43
"3205","Klatovy","2019",1.73
"3205","Klatovy","2020",2.59
"3206","Kralovice","2006",5.26
"3206","Kralovice","2007",4.27
"3206","Kralovice","2008",4.24
"3206","Kralovice","2009",5.98
"3206","Kralovice","2010",7.2
"3206","Kralovice","2011",6.72
"3206","Kralovice","2012",6.83
"3206","Kralovice","2013",6.94
"3206","Kralovice","2014",7.04
"3206","Kralovice","2015",5.72
"3206","Kralovice","2016",4.91
"3206","Kralovice","2017",3.65
"3206","Kralovice","2018",3.12
"3206","Kralovice","2019",2.85
"3206","Kralovice","2020",4.01
"3207","Nepomuk","2006",3.59
"3207","Nepomuk","2007",3.3
"3207","Nepomuk","2008",3.58
"3207","Nepomuk","2009",5.81
"3207","Nepomuk","2010",6.03
"3207","Nepomuk","2011",5.3
"3207","Nepomuk","2012",5.63
"3207","Nepomuk","2013",5.96
"3207","Nepomuk","2014",6.28
"3207","Nepomuk","2015",5.21
"3207","Nepomuk","2016",4.5
"3207","Nepomuk","2017",3.55
"3207","Nepomuk","2018",2.42
"3207","Nepomuk","2019",2.74
"3207","Nepomuk","2020",3.54
"3208","Nýřany","2006",3.3
"3208","Nýřany","2007",2.68
"3208","Nýřany","2008",3.45
"3208","Nýřany","2009",5.95
"3208","Nýřany","2010",5.68
"3208","Nýřany","2011",4.77
"3208","Nýřany","2012",4.79
"3208","Nýřany","2013",4.81
"3208","Nýřany","2014",4.83
"3208","Nýřany","2015",3.61
"3208","Nýřany","2016",3.11
"3208","Nýřany","2017",2.39
"3208","Nýřany","2018",1.9
"3208","Nýřany","2019",2.14
"3208","Nýřany","2020",3.22
"3209","Plzeň","2006",3.79
"3209","Plzeň","2007",2.9
"3209","Plzeň","2008",3.07
"3209","Plzeň","2009",5.34
"3209","Plzeň","2010",5.7
"3209","Plzeň","2011",5.18
"3209","Plzeň","2012",5.16
"3209","Plzeň","2013",5.14
"3209","Plzeň","2014",5.12
"3209","Plzeň","2015",4.01
"3209","Plzeň","2016",2.81
"3209","Plzeň","2017",2.08
"3209","Plzeň","2018",1.66
"3209","Plzeň","2019",2.12
"3209","Plzeň","2020",3.05
"3210","Přeštice","2006",3.04
"3210","Přeštice","2007",2.09
"3210","Přeštice","2008",2.01
"3210","Přeštice","2009",4.81
"3210","Přeštice","2010",5.13
"3210","Přeštice","2011",4.21
"3210","Přeštice","2012",4.4
"3210","Přeštice","2013",4.59
"3210","Přeštice","2014",4.77
"3210","Přeštice","2015",3.67
"3210","Přeštice","2016",2.95
"3210","Přeštice","2017",1.96
"3210","Přeštice","2018",1.5
"3210","Přeštice","2019",1.61
"3210","Přeštice","2020",2.43
"3211","Rokycany","2006",4.13
"3211","Rokycany","2007",2.94
"3211","Rokycany","2008",3.74
"3211","Rokycany","2009",6.33
"3211","Rokycany","2010",5.94
"3211","Rokycany","2011",4.79
"3211","Rokycany","2012",4.68
"3211","Rokycany","2013",4.57
"3211","Rokycany","2014",4.47
"3211","Rokycany","2015",3.81
"3211","Rokycany","2016",3.3
"3211","Rokycany","2017",2.73
"3211","Rokycany","2018",2.44
"3211","Rokycany","2019",2.49
"3211","Rokycany","2020",3.38
"3212","Stod","2006",2.94
"3212","Stod","2007",2.32
"3212","Stod","2008",2.86
"3212","Stod","2009",5.76
"3212","Stod","2010",5.35
"3212","Stod","2011",4.6
"3212","Stod","2012",4.54
"3212","Stod","2013",4.48
"3212","Stod","2014",4.41
"3212","Stod","2015",3.96
"3212","Stod","2016",2.66
"3212","Stod","2017",1.62
"3212","Stod","2018",1.46
"3212","Stod","2019",1.62
"3212","Stod","2020",2.52
"3213","Stříbro","2006",6.27
"3213","Stříbro","2007",4.97
"3213","Stříbro","2008",9.49
"3213","Stříbro","2009",13.01
"3213","Stříbro","2010",11.03
"3213","Stříbro","2011",9.43
"3213","Stříbro","2012",8.62
"3213","Stříbro","2013",7.81
"3213","Stříbro","2014",6.99
"3213","Stříbro","2015",6.09
"3213","Stříbro","2016",4.82
"3213","Stříbro","2017",3.64
"3213","Stříbro","2018",2.54
"3213","Stříbro","2019",2.87
"3213","Stříbro","2020",3.37
"3214","Sušice","2006",7.57
"3214","Sušice","2007",6.26
"3214","Sušice","2008",6.61
"3214","Sušice","2009",8.82
"3214","Sušice","2010",9.9
"3214","Sušice","2011",8.58
"3214","Sušice","2012",8.68
"3214","Sušice","2013",8.78
"3214","Sušice","2014",8.87
"3214","Sušice","2015",7.51
"3214","Sušice","2016",6.89
"3214","Sušice","2017",4.84
"3214","Sušice","2018",4.3
"3214","Sušice","2019",3.8
"3214","Sušice","2020",4.74
"3215","Tachov","2006",6.45
"3215","Tachov","2007",5.29
"3215","Tachov","2008",6.92
"3215","Tachov","2009",10.31
"3215","Tachov","2010",10.03
"3215","Tachov","2011",8.27
"3215","Tachov","2012",7.96
"3215","Tachov","2013",7.65
"3215","Tachov","2014",7.33
"3215","Tachov","2015",6.02
"3215","Tachov","2016",4.9
"3215","Tachov","2017",3.52
"3215","Tachov","2018",2.97
"3215","Tachov","2019",2.81
"3215","Tachov","2020",3.88
"4101","Aš","2006",4.84
"4101","Aš","2007",3.49
"4101","Aš","2008",4.94
"4101","Aš","2009",7.63
"4101","Aš","2010",6.72
"4101","Aš","2011",5.63
"4101","Aš","2012",5.34
"4101","Aš","2013",5.05
"4101","Aš","2014",4.76
"4101","Aš","2015",3.88
"4101","Aš","2016",2.66
"4101","Aš","2017",1.84
"4101","Aš","2018",1.34
"4101","Aš","2019",1.52
"4101","Aš","2020",3.47
"4102","Cheb","2006",6.52
"4102","Cheb","2007",5.55
"4102","Cheb","2008",6.02
"4102","Cheb","2009",8.72
"4102","Cheb","2010",9.03
"4102","Cheb","2011",7.51
"4102","Cheb","2012",7.44
"4102","Cheb","2013",7.37
"4102","Cheb","2014",7.29
"4102","Cheb","2015",6.54
"4102","Cheb","2016",4.05
"4102","Cheb","2017",2.3
"4102","Cheb","2018",1.67
"4102","Cheb","2019",2
"4102","Cheb","2020",3.88
"4103","Karlovy Vary","2006",6.68
"4103","Karlovy Vary","2007",5.55
"4103","Karlovy Vary","2008",5.29
"4103","Karlovy Vary","2009",8.14
"4103","Karlovy Vary","2010",8.52
"4103","Karlovy Vary","2011",7.61
"4103","Karlovy Vary","2012",7.72
"4103","Karlovy Vary","2013",7.83
"4103","Karlovy Vary","2014",7.94
"4103","Karlovy Vary","2015",6.77
"4103","Karlovy Vary","2016",5.13
"4103","Karlovy Vary","2017",3.18
"4103","Karlovy Vary","2018",2.69
"4103","Karlovy Vary","2019",2.59
"4103","Karlovy Vary","2020",6.26
"4104","Kraslice","2006",9.06
"4104","Kraslice","2007",7.33
"4104","Kraslice","2008",7.41
"4104","Kraslice","2009",11.25
"4104","Kraslice","2010",12.2
"4104","Kraslice","2011",10.96
"4104","Kraslice","2012",10.55
"4104","Kraslice","2013",10.14
"4104","Kraslice","2014",9.73
"4104","Kraslice","2015",8.07
"4104","Kraslice","2016",6.5
"4104","Kraslice","2017",4.16
"4104","Kraslice","2018",3.27
"4104","Kraslice","2019",3.45
"4104","Kraslice","2020",5.69
"4105","Mariánské Lázně","2006",5.05
"4105","Mariánské Lázně","2007",3.62
"4105","Mariánské Lázně","2008",4.3
"4105","Mariánské Lázně","2009",6.43
"4105","Mariánské Lázně","2010",6.85
"4105","Mariánské Lázně","2011",6.16
"4105","Mariánské Lázně","2012",5.89
"4105","Mariánské Lázně","2013",5.62
"4105","Mariánské Lázně","2014",5.36
"4105","Mariánské Lázně","2015",4.22
"4105","Mariánské Lázně","2016",2.83
"4105","Mariánské Lázně","2017",2.06
"4105","Mariánské Lázně","2018",2.22
"4105","Mariánské Lázně","2019",2.04
"4105","Mariánské Lázně","2020",5.45
"4106","Ostrov","2006",7.4
"4106","Ostrov","2007",6.18
"4106","Ostrov","2008",6.8
"4106","Ostrov","2009",9.54
"4106","Ostrov","2010",9.85
"4106","Ostrov","2011",8.46
"4106","Ostrov","2012",8.47
"4106","Ostrov","2013",8.48
"4106","Ostrov","2014",8.48
"4106","Ostrov","2015",7.11
"4106","Ostrov","2016",5.9
"4106","Ostrov","2017",3.7
"4106","Ostrov","2018",3.21
"4106","Ostrov","2019",2.32
"4106","Ostrov","2020",4.51
"4107","Sokolov","2006",8.5
"4107","Sokolov","2007",6.2
"4107","Sokolov","2008",6.34
"4107","Sokolov","2009",9.36
"4107","Sokolov","2010",9.62
"4107","Sokolov","2011",9.1
"4107","Sokolov","2012",9.3
"4107","Sokolov","2013",9.5
"4107","Sokolov","2014",9.71
"4107","Sokolov","2015",8.66
"4107","Sokolov","2016",7.46
"4107","Sokolov","2017",4.95
"4107","Sokolov","2018",4.23
"4107","Sokolov","2019",3.8
"4107","Sokolov","2020",5.91
"4201","Bílina","2006",11.7
"4201","Bílina","2007",8.86
"4201","Bílina","2008",7.8
"4201","Bílina","2009",10.64
"4201","Bílina","2010",10.31
"4201","Bílina","2011",9.77
"4201","Bílina","2012",9.4
"4201","Bílina","2013",9.03
"4201","Bílina","2014",8.67
"4201","Bílina","2015",7.06
"4201","Bílina","2016",6.33
"4201","Bílina","2017",4.12
"4201","Bílina","2018",3
"4201","Bílina","2019",2.54
"4201","Bílina","2020",4.99
"4202","Děčín","2006",9.09
"4202","Děčín","2007",7.95
"4202","Děčín","2008",7.56
"4202","Děčín","2009",9.82
"4202","Děčín","2010",10.31
"4202","Děčín","2011",9.45
"4202","Děčín","2012",9.71
"4202","Děčín","2013",9.97
"4202","Děčín","2014",10.24
"4202","Děčín","2015",8.79
"4202","Děčín","2016",7.73
"4202","Děčín","2017",5.67
"4202","Děčín","2018",4.46
"4202","Děčín","2019",3.92
"4202","Děčín","2020",5.46
"4203","Chomutov","2006",10.23
"4203","Chomutov","2007",7.82
"4203","Chomutov","2008",7.5
"4203","Chomutov","2009",10.29
"4203","Chomutov","2010",10.51
"4203","Chomutov","2011",10.31
"4203","Chomutov","2012",10.67
"4203","Chomutov","2013",11.03
"4203","Chomutov","2014",11.4
"4203","Chomutov","2015",9.85
"4203","Chomutov","2016",8.75
"4203","Chomutov","2017",6.37
"4203","Chomutov","2018",5.32
"4203","Chomutov","2019",5.15
"4203","Chomutov","2020",6.65
"4204","Kadaň","2006",7.73
"4204","Kadaň","2007",5.14
"4204","Kadaň","2008",5.39
"4204","Kadaň","2009",8.99
"4204","Kadaň","2010",8.82
"4204","Kadaň","2011",9.27
"4204","Kadaň","2012",9.5
"4204","Kadaň","2013",9.73
"4204","Kadaň","2014",9.97
"4204","Kadaň","2015",8.22
"4204","Kadaň","2016",7.01
"4204","Kadaň","2017",4.99
"4204","Kadaň","2018",4.35
"4204","Kadaň","2019",4.24
"4204","Kadaň","2020",5.53
"4205","Litoměřice","2006",8.15
"4205","Litoměřice","2007",6.04
"4205","Litoměřice","2008",6.13
"4205","Litoměřice","2009",8.43
"4205","Litoměřice","2010",8.88
"4205","Litoměřice","2011",7.7
"4205","Litoměřice","2012",8.24
"4205","Litoměřice","2013",8.78
"4205","Litoměřice","2014",9.33
"4205","Litoměřice","2015",7.43
"4205","Litoměřice","2016",6.46
"4205","Litoměřice","2017",4.18
"4205","Litoměřice","2018",3.69
"4205","Litoměřice","2019",2.99
"4205","Litoměřice","2020",3.85
"4206","Litvínov","2006",15.36
"4206","Litvínov","2007",11.93
"4206","Litvínov","2008",9.66
"4206","Litvínov","2009",11.67
"4206","Litvínov","2010",11.81
"4206","Litvínov","2011",12.31
"4206","Litvínov","2012",12.6
"4206","Litvínov","2013",12.89
"4206","Litvínov","2014",13.18
"4206","Litvínov","2015",11.62
"4206","Litvínov","2016",10.24
"4206","Litvínov","2017",7.14
"4206","Litvínov","2018",5.4
"4206","Litvínov","2019",3.63
"4206","Litvínov","2020",5.65
"4207","Louny","2006",9.3
"4207","Louny","2007",7.08
"4207","Louny","2008",6.55
"4207","Louny","2009",9
"4207","Louny","2010",9.26
"4207","Louny","2011",8.89
"4207","Louny","2012",9.1
"4207","Louny","2013",9.31
"4207","Louny","2014",9.53
"4207","Louny","2015",7.39
"4207","Louny","2016",6.4
"4207","Louny","2017",4.74
"4207","Louny","2018",4.17
"4207","Louny","2019",3.95
"4207","Louny","2020",5.11
"4208","Lovosice","2006",8.2
"4208","Lovosice","2007",6.17
"4208","Lovosice","2008",6.07
"4208","Lovosice","2009",8.66
"4208","Lovosice","2010",9.28
"4208","Lovosice","2011",8.31
"4208","Lovosice","2012",8.52
"4208","Lovosice","2013",8.73
"4208","Lovosice","2014",8.94
"4208","Lovosice","2015",7.45
"4208","Lovosice","2016",6.48
"4208","Lovosice","2017",4.24
"4208","Lovosice","2018",3.74
"4208","Lovosice","2019",2.96
"4208","Lovosice","2020",3.68
"4209","Most","2006",14.48
"4209","Most","2007",10.55
"4209","Most","2008",9.23
"4209","Most","2009",11.55
"4209","Most","2010",11.6
"4209","Most","2011",11.11
"4209","Most","2012",11.51
"4209","Most","2013",11.91
"4209","Most","2014",12.3
"4209","Most","2015",10.69
"4209","Most","2016",9.9
"4209","Most","2017",7.3
"4209","Most","2018",5.85
"4209","Most","2019",5
"4209","Most","2020",7
"4210","Podbořany","2006",8.95
"4210","Podbořany","2007",6.49
"4210","Podbořany","2008",7.46
"4210","Podbořany","2009",10.2
"4210","Podbořany","2010",10.77
"4210","Podbořany","2011",9.33
"4210","Podbořany","2012",9.4
"4210","Podbořany","2013",9.47
"4210","Podbořany","2014",9.53
"4210","Podbořany","2015",7.66
"4210","Podbořany","2016",6.45
"4210","Podbořany","2017",5
"4210","Podbořany","2018",4.95
"4210","Podbořany","2019",4.35
"4210","Podbořany","2020",5.54
"4211","Roudnice nad Labem","2006",7.84
"4211","Roudnice nad Labem","2007",6.36
"4211","Roudnice nad Labem","2008",5.63
"4211","Roudnice nad Labem","2009",7.67
"4211","Roudnice nad Labem","2010",8.1
"4211","Roudnice nad Labem","2011",7.36
"4211","Roudnice nad Labem","2012",7.75
"4211","Roudnice nad Labem","2013",8.14
"4211","Roudnice nad Labem","2014",8.53
"4211","Roudnice nad Labem","2015",6.71
"4211","Roudnice nad Labem","2016",5.52
"4211","Roudnice nad Labem","2017",3.43
"4211","Roudnice nad Labem","2018",3.12
"4211","Roudnice nad Labem","2019",2.63
"4211","Roudnice nad Labem","2020",3.35
"4212","Rumburk","2006",10.8
"4212","Rumburk","2007",8.91
"4212","Rumburk","2008",8.91
"4212","Rumburk","2009",11.85
"4212","Rumburk","2010",12.01
"4212","Rumburk","2011",10.87
"4212","Rumburk","2012",10.69
"4212","Rumburk","2013",10.51
"4212","Rumburk","2014",10.33
"4212","Rumburk","2015",8.55
"4212","Rumburk","2016",7.7
"4212","Rumburk","2017",5.35
"4212","Rumburk","2018",4.5
"4212","Rumburk","2019",4.36
"4212","Rumburk","2020",6.24
"4213","Teplice","2006",9.74
"4213","Teplice","2007",7.3
"4213","Teplice","2008",6.54
"4213","Teplice","2009",9.07
"4213","Teplice","2010",9.55
"4213","Teplice","2011",9.02
"4213","Teplice","2012",8.97
"4213","Teplice","2013",8.92
"4213","Teplice","2014",8.88
"4213","Teplice","2015",7.35
"4213","Teplice","2016",6.4
"4213","Teplice","2017",3.9
"4213","Teplice","2018",3.14
"4213","Teplice","2019",2.65
"4213","Teplice","2020",4.71
"4214","Ústí nad Labem","2006",9.38
"4214","Ústí nad Labem","2007",7.63
"4214","Ústí nad Labem","2008",6.98
"4214","Ústí nad Labem","2009",9.53
"4214","Ústí nad Labem","2010",10.5
"4214","Ústí nad Labem","2011",10.72
"4214","Ústí nad Labem","2012",11.25
"4214","Ústí nad Labem","2013",11.78
"4214","Ústí nad Labem","2014",12.31
"4214","Ústí nad Labem","2015",10.23
"4214","Ústí nad Labem","2016",8.53
"4214","Ústí nad Labem","2017",5.84
"4214","Ústí nad Labem","2018",4.92
"4214","Ústí nad Labem","2019",3.98
"4214","Ústí nad Labem","2020",5.53
"4215","Varnsdorf","2006",10.68
"4215","Varnsdorf","2007",9.67
"4215","Varnsdorf","2008",9.81
"4215","Varnsdorf","2009",12.96
"4215","Varnsdorf","2010",12.4
"4215","Varnsdorf","2011",10.86
"4215","Varnsdorf","2012",10.45
"4215","Varnsdorf","2013",10.04
"4215","Varnsdorf","2014",9.64
"4215","Varnsdorf","2015",8.23
"4215","Varnsdorf","2016",7.58
"4215","Varnsdorf","2017",4.84
"4215","Varnsdorf","2018",4.63
"4215","Varnsdorf","2019",4.28
"4215","Varnsdorf","2020",5.6
"4216","Žatec","2006",11.84
"4216","Žatec","2007",8.48
"4216","Žatec","2008",7.83
"4216","Žatec","2009",10.18
"4216","Žatec","2010",10.61
"4216","Žatec","2011",10.28
"4216","Žatec","2012",10.27
"4216","Žatec","2013",10.26
"4216","Žatec","2014",10.25
"4216","Žatec","2015",8.77
"4216","Žatec","2016",7.95
"4216","Žatec","2017",5.84
"4216","Žatec","2018",5.49
"4216","Žatec","2019",4.76
"4216","Žatec","2020",5.82
"5101","Česká Lípa","2006",5.36
"5101","Česká Lípa","2007",4.92
"5101","Česká Lípa","2008",5.48
"5101","Česká Lípa","2009",8.63
"5101","Česká Lípa","2010",8.82
"5101","Česká Lípa","2011",8.3
"5101","Česká Lípa","2012",8.04
"5101","Česká Lípa","2013",7.78
"5101","Česká Lípa","2014",7.51
"5101","Česká Lípa","2015",5.51
"5101","Česká Lípa","2016",4.07
"5101","Česká Lípa","2017",2.7
"5101","Česká Lípa","2018",2.4
"5101","Česká Lípa","2019",2.23
"5101","Česká Lípa","2020",3.11
"5102","Frýdlant","2006",10.17
"5102","Frýdlant","2007",8.43
"5102","Frýdlant","2008",8.75
"5102","Frýdlant","2009",12.61
"5102","Frýdlant","2010",12
"5102","Frýdlant","2011",10.65
"5102","Frýdlant","2012",10.63
"5102","Frýdlant","2013",10.61
"5102","Frýdlant","2014",10.6
"5102","Frýdlant","2015",8.95
"5102","Frýdlant","2016",7.33
"5102","Frýdlant","2017",5.21
"5102","Frýdlant","2018",4.28
"5102","Frýdlant","2019",4.57
"5102","Frýdlant","2020",5.75
"5103","Jablonec nad Nisou","2006",3.85
"5103","Jablonec nad Nisou","2007",2.94
"5103","Jablonec nad Nisou","2008",3.91
"5103","Jablonec nad Nisou","2009",7.16
"5103","Jablonec nad Nisou","2010",6.63
"5103","Jablonec nad Nisou","2011",5.77
"5103","Jablonec nad Nisou","2012",5.94
"5103","Jablonec nad Nisou","2013",6.11
"5103","Jablonec nad Nisou","2014",6.28
"5103","Jablonec nad Nisou","2015",5.26
"5103","Jablonec nad Nisou","2016",4.48
"5103","Jablonec nad Nisou","2017",3.32
"5103","Jablonec nad Nisou","2018",3.06
"5103","Jablonec nad Nisou","2019",2.58
"5103","Jablonec nad Nisou","2020",3.58
"5104","Jilemnice","2006",5.61
"5104","Jilemnice","2007",4.47
"5104","Jilemnice","2008",5.37
"5104","Jilemnice","2009",8.1
"5104","Jilemnice","2010",8.22
"5104","Jilemnice","2011",7.13
"5104","Jilemnice","2012",7.49
"5104","Jilemnice","2013",7.85
"5104","Jilemnice","2014",8.2
"5104","Jilemnice","2015",6.51
"5104","Jilemnice","2016",5.43
"5104","Jilemnice","2017",4.15
"5104","Jilemnice","2018",3.02
"5104","Jilemnice","2019",3.33
"5104","Jilemnice","2020",4.06
"5105","Liberec","2006",5
"5105","Liberec","2007",3.87
"5105","Liberec","2008",4.36
"5105","Liberec","2009",7.15
"5105","Liberec","2010",7.32
"5105","Liberec","2011",6.61
"5105","Liberec","2012",6.97
"5105","Liberec","2013",7.33
"5105","Liberec","2014",7.7
"5105","Liberec","2015",6.75
"5105","Liberec","2016",5.45
"5105","Liberec","2017",4.1
"5105","Liberec","2018",3.28
"5105","Liberec","2019",2.93
"5105","Liberec","2020",4.1
"5106","Nový Bor","2006",5.54
"5106","Nový Bor","2007",4.54
"5106","Nový Bor","2008",5.36
"5106","Nový Bor","2009",12.12
"5106","Nový Bor","2010",9.63
"5106","Nový Bor","2011",9.2
"5106","Nový Bor","2012",8.84
"5106","Nový Bor","2013",8.48
"5106","Nový Bor","2014",8.11
"5106","Nový Bor","2015",5.71
"5106","Nový Bor","2016",4.49
"5106","Nový Bor","2017",3.13
"5106","Nový Bor","2018",3.2
"5106","Nový Bor","2019",2.81
"5106","Nový Bor","2020",4.19
"5107","Semily","2006",5.35
"5107","Semily","2007",4.77
"5107","Semily","2008",5.22
"5107","Semily","2009",7.91
"5107","Semily","2010",7.75
"5107","Semily","2011",7.85
"5107","Semily","2012",7.7
"5107","Semily","2013",7.55
"5107","Semily","2014",7.4
"5107","Semily","2015",6.68
"5107","Semily","2016",5.4
"5107","Semily","2017",3.95
"5107","Semily","2018",3.27
"5107","Semily","2019",3.39
"5107","Semily","2020",4.09
"5108","Tanvald","2006",5.48
"5108","Tanvald","2007",5.14
"5108","Tanvald","2008",5.95
"5108","Tanvald","2009",9.73
"5108","Tanvald","2010",8.71
"5108","Tanvald","2011",8.41
"5108","Tanvald","2012",8.3
"5108","Tanvald","2013",8.19
"5108","Tanvald","2014",8.07
"5108","Tanvald","2015",6.89
"5108","Tanvald","2016",6.3
"5108","Tanvald","2017",4.51
"5108","Tanvald","2018",4.19
"5108","Tanvald","2019",3.94
"5108","Tanvald","2020",5.56
"5109","Turnov","2006",3.55
"5109","Turnov","2007",3.15
"5109","Turnov","2008",4.18
"5109","Turnov","2009",6.43
"5109","Turnov","2010",6.82
"5109","Turnov","2011",5.7
"5109","Turnov","2012",5.76
"5109","Turnov","2013",5.82
"5109","Turnov","2014",5.89
"5109","Turnov","2015",4.87
"5109","Turnov","2016",4.08
"5109","Turnov","2017",2.96
"5109","Turnov","2018",2.47
"5109","Turnov","2019",2.24
"5109","Turnov","2020",3.23
"5110","Železný Brod","2006",3.62
"5110","Železný Brod","2007",4.35
"5110","Železný Brod","2008",6.02
"5110","Železný Brod","2009",10.3
"5110","Železný Brod","2010",8.87
"5110","Železný Brod","2011",7.6
"5110","Železný Brod","2012",7.09
"5110","Železný Brod","2013",6.58
"5110","Železný Brod","2014",6.07
"5110","Železný Brod","2015",4.6
"5110","Železný Brod","2016",4.13
"5110","Železný Brod","2017",3.22
"5110","Železný Brod","2018",2.81
"5110","Železný Brod","2019",2.48
"5110","Železný Brod","2020",3.51
"5201","Broumov","2006",7.29
"5201","Broumov","2007",5.07
"5201","Broumov","2008",4.71
"5201","Broumov","2009",7.64
"5201","Broumov","2010",8.08
"5201","Broumov","2011",7.74
"5201","Broumov","2012",8.25
"5201","Broumov","2013",8.76
"5201","Broumov","2014",9.26
"5201","Broumov","2015",9.38
"5201","Broumov","2016",8.42
"5201","Broumov","2017",6.82
"5201","Broumov","2018",6.01
"5201","Broumov","2019",5.57
"5201","Broumov","2020",6.47
"5202","Dobruška","2006",3.35
"5202","Dobruška","2007",2.05
"5202","Dobruška","2008",2.89
"5202","Dobruška","2009",4.98
"5202","Dobruška","2010",5.6
"5202","Dobruška","2011",4.49
"5202","Dobruška","2012",4.62
"5202","Dobruška","2013",4.75
"5202","Dobruška","2014",4.88
"5202","Dobruška","2015",2.93
"5202","Dobruška","2016",2.1
"5202","Dobruška","2017",1.54
"5202","Dobruška","2018",1.44
"5202","Dobruška","2019",1.28
"5202","Dobruška","2020",1.89
"5203","Dvůr Králové nad Labem","2006",7.27
"5203","Dvůr Králové nad Labem","2007",5.04
"5203","Dvůr Králové nad Labem","2008",4.89
"5203","Dvůr Králové nad Labem","2009",7.44
"5203","Dvůr Králové nad Labem","2010",8.25
"5203","Dvůr Králové nad Labem","2011",7.58
"5203","Dvůr Králové nad Labem","2012",7.98
"5203","Dvůr Králové nad Labem","2013",8.38
"5203","Dvůr Králové nad Labem","2014",8.79
"5203","Dvůr Králové nad Labem","2015",6.86
"5203","Dvůr Králové nad Labem","2016",5.24
"5203","Dvůr Králové nad Labem","2017",3.81
"5203","Dvůr Králové nad Labem","2018",2.97
"5203","Dvůr Králové nad Labem","2019",2.99
"5203","Dvůr Králové nad Labem","2020",3.76
"5204","Hořice","2006",5.95
"5204","Hořice","2007",4.53
"5204","Hořice","2008",4.73
"5204","Hořice","2009",7.46
"5204","Hořice","2010",7.7
"5204","Hořice","2011",6.8
"5204","Hořice","2012",6.54
"5204","Hořice","2013",6.28
"5204","Hořice","2014",6.03
"5204","Hořice","2015",5.19
"5204","Hořice","2016",3.85
"5204","Hořice","2017",2.45
"5204","Hořice","2018",2.18
"5204","Hořice","2019",2.08
"5204","Hořice","2020",2.82
"5205","Hradec Králové","2006",3.84
"5205","Hradec Králové","2007",2.85
"5205","Hradec Králové","2008",2.93
"5205","Hradec Králové","2009",4.9
"5205","Hradec Králové","2010",5.62
"5205","Hradec Králové","2011",5.51
"5205","Hradec Králové","2012",5.89
"5205","Hradec Králové","2013",6.27
"5205","Hradec Králové","2014",6.64
"5205","Hradec Králové","2015",5.49
"5205","Hradec Králové","2016",4.03
"5205","Hradec Králové","2017",2.87
"5205","Hradec Králové","2018",2.33
"5205","Hradec Králové","2019",2.34
"5205","Hradec Králové","2020",3.17
"5206","Jaroměř","2006",4.94
"5206","Jaroměř","2007",3.84
"5206","Jaroměř","2008",4
"5206","Jaroměř","2009",6.88
"5206","Jaroměř","2010",8.13
"5206","Jaroměř","2011",7.76
"5206","Jaroměř","2012",7.63
"5206","Jaroměř","2013",7.5
"5206","Jaroměř","2014",7.38
"5206","Jaroměř","2015",5.91
"5206","Jaroměř","2016",5.57
"5206","Jaroměř","2017",3.8
"5206","Jaroměř","2018",3.43
"5206","Jaroměř","2019",3.53
"5206","Jaroměř","2020",4.11
"5207","Jičín","2006",4.9
"5207","Jičín","2007",4.25
"5207","Jičín","2008",4.33
"5207","Jičín","2009",6.4
"5207","Jičín","2010",6.22
"5207","Jičín","2011",5.36
"5207","Jičín","2012",5.27
"5207","Jičín","2013",5.18
"5207","Jičín","2014",5.1
"5207","Jičín","2015",3.52
"5207","Jičín","2016",2.58
"5207","Jičín","2017",1.82
"5207","Jičín","2018",1.57
"5207","Jičín","2019",1.62
"5207","Jičín","2020",2.06
"5208","Kostelec nad Orlicí","2006",3.46
"5208","Kostelec nad Orlicí","2007",1.96
"5208","Kostelec nad Orlicí","2008",2.95
"5208","Kostelec nad Orlicí","2009",6.16
"5208","Kostelec nad Orlicí","2010",5.64
"5208","Kostelec nad Orlicí","2011",4.4
"5208","Kostelec nad Orlicí","2012",4.39
"5208","Kostelec nad Orlicí","2013",4.38
"5208","Kostelec nad Orlicí","2014",4.38
"5208","Kostelec nad Orlicí","2015",2.96
"5208","Kostelec nad Orlicí","2016",1.55
"5208","Kostelec nad Orlicí","2017",1.22
"5208","Kostelec nad Orlicí","2018",1.18
"5208","Kostelec nad Orlicí","2019",1.11
"5208","Kostelec nad Orlicí","2020",1.74
"5209","Náchod","2006",3.78
"5209","Náchod","2007",2.66
"5209","Náchod","2008",2.83
"5209","Náchod","2009",5.21
"5209","Náchod","2010",5.31
"5209","Náchod","2011",4.45
"5209","Náchod","2012",4.59
"5209","Náchod","2013",4.73
"5209","Náchod","2014",4.87
"5209","Náchod","2015",3.77
"5209","Náchod","2016",3.21
"5209","Náchod","2017",2.46
"5209","Náchod","2018",2.26
"5209","Náchod","2019",2.66
"5209","Náchod","2020",3.36
"5210","Nová Paka","2006",4.95
"5210","Nová Paka","2007",4.59
"5210","Nová Paka","2008",4.48
"5210","Nová Paka","2009",6.62
"5210","Nová Paka","2010",6.5
"5210","Nová Paka","2011",5.21
"5210","Nová Paka","2012",5.27
"5210","Nová Paka","2013",5.33
"5210","Nová Paka","2014",5.39
"5210","Nová Paka","2015",4.01
"5210","Nová Paka","2016",2.78
"5210","Nová Paka","2017",2.38
"5210","Nová Paka","2018",1.81
"5210","Nová Paka","2019",1.73
"5210","Nová Paka","2020",2.27
"5211","Nové Město nad Metují","2006",3.35
"5211","Nové Město nad Metují","2007",2.26
"5211","Nové Město nad Metují","2008",2.2
"5211","Nové Město nad Metují","2009",5.32
"5211","Nové Město nad Metují","2010",4.8
"5211","Nové Město nad Metují","2011",4.1
"5211","Nové Město nad Metují","2012",4.09
"5211","Nové Město nad Metují","2013",4.08
"5211","Nové Město nad Metují","2014",4.06
"5211","Nové Město nad Metují","2015",3.22
"5211","Nové Město nad Metují","2016",2.48
"5211","Nové Město nad Metují","2017",2.11
"5211","Nové Město nad Metují","2018",2.07
"5211","Nové Město nad Metují","2019",2.17
"5211","Nové Město nad Metují","2020",3.03
"5212","Nový Bydžov","2006",6.98
"5212","Nový Bydžov","2007",5.33
"5212","Nový Bydžov","2008",4.5
"5212","Nový Bydžov","2009",6.51
"5212","Nový Bydžov","2010",7.89
"5212","Nový Bydžov","2011",6.83
"5212","Nový Bydžov","2012",7.16
"5212","Nový Bydžov","2013",7.49
"5212","Nový Bydžov","2014",7.82
"5212","Nový Bydžov","2015",6.98
"5212","Nový Bydžov","2016",5.47
"5212","Nový Bydžov","2017",3.7
"5212","Nový Bydžov","2018",3.61
"5212","Nový Bydžov","2019",3.05
"5212","Nový Bydžov","2020",3.64
"5213","Rychnov nad Kněžnou","2006",3.13
"5213","Rychnov nad Kněžnou","2007",2.08
"5213","Rychnov nad Kněžnou","2008",2.71
"5213","Rychnov nad Kněžnou","2009",5.2
"5213","Rychnov nad Kněžnou","2010",4.92
"5213","Rychnov nad Kněžnou","2011",3.93
"5213","Rychnov nad Kněžnou","2012",4.09
"5213","Rychnov nad Kněžnou","2013",4.25
"5213","Rychnov nad Kněžnou","2014",4.4
"5213","Rychnov nad Kněžnou","2015",2.7
"5213","Rychnov nad Kněžnou","2016",1.66
"5213","Rychnov nad Kněžnou","2017",1.31
"5213","Rychnov nad Kněžnou","2018",1.3
"5213","Rychnov nad Kněžnou","2019",1.49
"5213","Rychnov nad Kněžnou","2020",1.89
"5214","Trutnov","2006",6.75
"5214","Trutnov","2007",5.26
"5214","Trutnov","2008",5
"5214","Trutnov","2009",7.45
"5214","Trutnov","2010",7.6
"5214","Trutnov","2011",7.2
"5214","Trutnov","2012",7.35
"5214","Trutnov","2013",7.5
"5214","Trutnov","2014",7.64
"5214","Trutnov","2015",5.75
"5214","Trutnov","2016",4.27
"5214","Trutnov","2017",3.15
"5214","Trutnov","2018",2.41
"5214","Trutnov","2019",2.71
"5214","Trutnov","2020",3.57
"5215","Vrchlabí","2006",4.56
"5215","Vrchlabí","2007",3.37
"5215","Vrchlabí","2008",3.57
"5215","Vrchlabí","2009",5.75
"5215","Vrchlabí","2010",5.95
"5215","Vrchlabí","2011",5.47
"5215","Vrchlabí","2012",5.7
"5215","Vrchlabí","2013",5.93
"5215","Vrchlabí","2014",6.17
"5215","Vrchlabí","2015",4.38
"5215","Vrchlabí","2016",3.21
"5215","Vrchlabí","2017",1.76
"5215","Vrchlabí","2018",1.41
"5215","Vrchlabí","2019",1.41
"5215","Vrchlabí","2020",2.44
"5301","Česká Třebová","2006",6.28
"5301","Česká Třebová","2007",5.13
"5301","Česká Třebová","2008",6.31
"5301","Česká Třebová","2009",9.67
"5301","Česká Třebová","2010",10.45
"5301","Česká Třebová","2011",8.74
"5301","Česká Třebová","2012",8.29
"5301","Česká Třebová","2013",7.84
"5301","Česká Třebová","2014",7.4
"5301","Česká Třebová","2015",5.28
"5301","Česká Třebová","2016",4.62
"5301","Česká Třebová","2017",2.97
"5301","Česká Třebová","2018",2.12
"5301","Česká Třebová","2019",2.22
"5301","Česká Třebová","2020",3.23
"5302","Hlinsko","2006",4.37
"5302","Hlinsko","2007",3.94
"5302","Hlinsko","2008",4.84
"5302","Hlinsko","2009",7.91
"5302","Hlinsko","2010",9.3
"5302","Hlinsko","2011",7.62
"5302","Hlinsko","2012",7.19
"5302","Hlinsko","2013",6.76
"5302","Hlinsko","2014",6.34
"5302","Hlinsko","2015",4.71
"5302","Hlinsko","2016",3.14
"5302","Hlinsko","2017",2.27
"5302","Hlinsko","2018",2.15
"5302","Hlinsko","2019",2.22
"5302","Hlinsko","2020",2.9
"5303","Holice","2006",3.4
"5303","Holice","2007",2.14
"5303","Holice","2008",2.55
"5303","Holice","2009",5.02
"5303","Holice","2010",5.29
"5303","Holice","2011",4.36
"5303","Holice","2012",4.38
"5303","Holice","2013",4.4
"5303","Holice","2014",4.42
"5303","Holice","2015",4.26
"5303","Holice","2016",3.23
"5303","Holice","2017",2.46
"5303","Holice","2018",1.68
"5303","Holice","2019",1.66
"5303","Holice","2020",2.32
"5304","Chrudim","2006",5.57
"5304","Chrudim","2007",4.27
"5304","Chrudim","2008",4.74
"5304","Chrudim","2009",7.77
"5304","Chrudim","2010",8.21
"5304","Chrudim","2011",7.07
"5304","Chrudim","2012",7.05
"5304","Chrudim","2013",7.03
"5304","Chrudim","2014",7.01
"5304","Chrudim","2015",5.77
"5304","Chrudim","2016",4.36
"5304","Chrudim","2017",3.1
"5304","Chrudim","2018",2.52
"5304","Chrudim","2019",2.5
"5304","Chrudim","2020",3.27
"5305","Králíky","2006",7.74
"5305","Králíky","2007",5.36
"5305","Králíky","2008",5.58
"5305","Králíky","2009",8.92
"5305","Králíky","2010",8.53
"5305","Králíky","2011",7
"5305","Králíky","2012",7.07
"5305","Králíky","2013",7.14
"5305","Králíky","2014",7.2
"5305","Králíky","2015",6.01
"5305","Králíky","2016",4.05
"5305","Králíky","2017",2.42
"5305","Králíky","2018",2.2
"5305","Králíky","2019",2.61
"5305","Králíky","2020",3.97
"5306","Lanškroun","2006",4.07
"5306","Lanškroun","2007",3.26
"5306","Lanškroun","2008",5.09
"5306","Lanškroun","2009",7.59
"5306","Lanškroun","2010",6.61
"5306","Lanškroun","2011",5.44
"5306","Lanškroun","2012",5.31
"5306","Lanškroun","2013",5.18
"5306","Lanškroun","2014",5.06
"5306","Lanškroun","2015",4.02
"5306","Lanškroun","2016",3.01
"5306","Lanškroun","2017",2.12
"5306","Lanškroun","2018",1.65
"5306","Lanškroun","2019",2.28
"5306","Lanškroun","2020",3.14
"5307","Litomyšl","2006",5.5
"5307","Litomyšl","2007",4.4
"5307","Litomyšl","2008",4.27
"5307","Litomyšl","2009",7.12
"5307","Litomyšl","2010",6.59
"5307","Litomyšl","2011",6.02
"5307","Litomyšl","2012",5.87
"5307","Litomyšl","2013",5.72
"5307","Litomyšl","2014",5.57
"5307","Litomyšl","2015",4.47
"5307","Litomyšl","2016",3.49
"5307","Litomyšl","2017",2.08
"5307","Litomyšl","2018",1.57
"5307","Litomyšl","2019",1.42
"5307","Litomyšl","2020",1.81
"5308","Moravská Třebová","2006",10.11
"5308","Moravská Třebová","2007",8.45
"5308","Moravská Třebová","2008",9.05
"5308","Moravská Třebová","2009",12.49
"5308","Moravská Třebová","2010",12.85
"5308","Moravská Třebová","2011",11.19
"5308","Moravská Třebová","2012",11.05
"5308","Moravská Třebová","2013",10.91
"5308","Moravská Třebová","2014",10.77
"5308","Moravská Třebová","2015",9.53
"5308","Moravská Třebová","2016",8.36
"5308","Moravská Třebová","2017",6.43
"5308","Moravská Třebová","2018",4.34
"5308","Moravská Třebová","2019",4.4
"5308","Moravská Třebová","2020",4.66
"5309","Pardubice","2006",3.81
"5309","Pardubice","2007",2.72
"5309","Pardubice","2008",3.13
"5309","Pardubice","2009",5.38
"5309","Pardubice","2010",5.31
"5309","Pardubice","2011",4.79
"5309","Pardubice","2012",4.81
"5309","Pardubice","2013",4.83
"5309","Pardubice","2014",4.85
"5309","Pardubice","2015",3.96
"5309","Pardubice","2016",3.12
"5309","Pardubice","2017",2.35
"5309","Pardubice","2018",1.98
"5309","Pardubice","2019",1.95
"5309","Pardubice","2020",2.68
"5310","Polička","2006",4.82
"5310","Polička","2007",3.7
"5310","Polička","2008",3.79
"5310","Polička","2009",6.05
"5310","Polička","2010",6.76
"5310","Polička","2011",5.86
"5310","Polička","2012",5.78
"5310","Polička","2013",5.7
"5310","Polička","2014",5.61
"5310","Polička","2015",4.28
"5310","Polička","2016",3.43
"5310","Polička","2017",2.5
"5310","Polička","2018",1.94
"5310","Polička","2019",1.96
"5310","Polička","2020",2.5
"5311","Přelouč","2006",4.97
"5311","Přelouč","2007",4.28
"5311","Přelouč","2008",4.29
"5311","Přelouč","2009",6.47
"5311","Přelouč","2010",6.89
"5311","Přelouč","2011",6.16
"5311","Přelouč","2012",6.02
"5311","Přelouč","2013",5.88
"5311","Přelouč","2014",5.74
"5311","Přelouč","2015",5.51
"5311","Přelouč","2016",4.44
"5311","Přelouč","2017",3.39
"5311","Přelouč","2018",2.64
"5311","Přelouč","2019",2.63
"5311","Přelouč","2020",3.7
"5312","Svitavy","2006",8.33
"5312","Svitavy","2007",6.74
"5312","Svitavy","2008",6.99
"5312","Svitavy","2009",9.97
"5312","Svitavy","2010",10.74
"5312","Svitavy","2011",9.44
"5312","Svitavy","2012",9.35
"5312","Svitavy","2013",9.26
"5312","Svitavy","2014",9.18
"5312","Svitavy","2015",7.65
"5312","Svitavy","2016",6.01
"5312","Svitavy","2017",3.87
"5312","Svitavy","2018",2.8
"5312","Svitavy","2019",2.66
"5312","Svitavy","2020",3.37
"5313","Ústí nad Orlicí","2006",4.57
"5313","Ústí nad Orlicí","2007",3.46
"5313","Ústí nad Orlicí","2008",4.58
"5313","Ústí nad Orlicí","2009",8.09
"5313","Ústí nad Orlicí","2010",7.76
"5313","Ústí nad Orlicí","2011",6.95
"5313","Ústí nad Orlicí","2012",6.53
"5313","Ústí nad Orlicí","2013",6.11
"5313","Ústí nad Orlicí","2014",5.7
"5313","Ústí nad Orlicí","2015",4.43
"5313","Ústí nad Orlicí","2016",3.38
"5313","Ústí nad Orlicí","2017",1.84
"5313","Ústí nad Orlicí","2018",1.2
"5313","Ústí nad Orlicí","2019",1.28
"5313","Ústí nad Orlicí","2020",1.64
"5314","Vysoké Mýto","2006",4.36
"5314","Vysoké Mýto","2007",3.3
"5314","Vysoké Mýto","2008",3.59
"5314","Vysoké Mýto","2009",7.73
"5314","Vysoké Mýto","2010",7.79
"5314","Vysoké Mýto","2011",6.58
"5314","Vysoké Mýto","2012",5.98
"5314","Vysoké Mýto","2013",5.38
"5314","Vysoké Mýto","2014",4.79
"5314","Vysoké Mýto","2015",4
"5314","Vysoké Mýto","2016",3.39
"5314","Vysoké Mýto","2017",2.32
"5314","Vysoké Mýto","2018",1.94
"5314","Vysoké Mýto","2019",1.96
"5314","Vysoké Mýto","2020",2.59
"5315","Žamberk","2006",3.62
"5315","Žamberk","2007",3.06
"5315","Žamberk","2008",3.55
"5315","Žamberk","2009",6
"5315","Žamberk","2010",5.4
"5315","Žamberk","2011",5.12
"5315","Žamberk","2012",5.29
"5315","Žamberk","2013",5.46
"5315","Žamberk","2014",5.62
"5315","Žamberk","2015",4.68
"5315","Žamberk","2016",3.4
"5315","Žamberk","2017",2.23
"5315","Žamberk","2018",1.35
"5315","Žamberk","2019",1.27
"5315","Žamberk","2020",2.01
"6101","Bystřice nad Pernštejnem","2006",7.68
"6101","Bystřice nad Pernštejnem","2007",6.18
"6101","Bystřice nad Pernštejnem","2008",6.14
"6101","Bystřice nad Pernštejnem","2009",9.08
"6101","Bystřice nad Pernštejnem","2010",9.49
"6101","Bystřice nad Pernštejnem","2011",8.59
"6101","Bystřice nad Pernštejnem","2012",8.52
"6101","Bystřice nad Pernštejnem","2013",8.45
"6101","Bystřice nad Pernštejnem","2014",8.39
"6101","Bystřice nad Pernštejnem","2015",7.36
"6101","Bystřice nad Pernštejnem","2016",6.49
"6101","Bystřice nad Pernštejnem","2017",5.98
"6101","Bystřice nad Pernštejnem","2018",4.8
"6101","Bystřice nad Pernštejnem","2019",3.6
"6101","Bystřice nad Pernštejnem","2020",3.74
"6102","Havlíčkův Brod","2006",3.6
"6102","Havlíčkův Brod","2007",3.13
"6102","Havlíčkův Brod","2008",3.52
"6102","Havlíčkův Brod","2009",6.55
"6102","Havlíčkův Brod","2010",7.11
"6102","Havlíčkův Brod","2011",6.18
"6102","Havlíčkův Brod","2012",6.2
"6102","Havlíčkův Brod","2013",6.22
"6102","Havlíčkův Brod","2014",6.25
"6102","Havlíčkův Brod","2015",5.29
"6102","Havlíčkův Brod","2016",4.38
"6102","Havlíčkův Brod","2017",2.84
"6102","Havlíčkův Brod","2018",1.94
"6102","Havlíčkův Brod","2019",2.05
"6102","Havlíčkův Brod","2020",2.35
"6103","Humpolec","2006",3.42
"6103","Humpolec","2007",2.91
"6103","Humpolec","2008",4.31
"6103","Humpolec","2009",6.35
"6103","Humpolec","2010",6.3
"6103","Humpolec","2011",5.24
"6103","Humpolec","2012",5.16
"6103","Humpolec","2013",5.08
"6103","Humpolec","2014",5.01
"6103","Humpolec","2015",4.66
"6103","Humpolec","2016",3.67
"6103","Humpolec","2017",2.95
"6103","Humpolec","2018",2.52
"6103","Humpolec","2019",2.21
"6103","Humpolec","2020",2.77
"6104","Chotěboř","2006",4.12
"6104","Chotěboř","2007",3.26
"6104","Chotěboř","2008",3.66
"6104","Chotěboř","2009",7.3
"6104","Chotěboř","2010",7.33
"6104","Chotěboř","2011",6.67
"6104","Chotěboř","2012",6.69
"6104","Chotěboř","2013",6.71
"6104","Chotěboř","2014",6.74
"6104","Chotěboř","2015",5.8
"6104","Chotěboř","2016",4.73
"6104","Chotěboř","2017",3.27
"6104","Chotěboř","2018",2.44
"6104","Chotěboř","2019",2.24
"6104","Chotěboř","2020",2.76
"6105","Jihlava","2006",4.48
"6105","Jihlava","2007",3.73
"6105","Jihlava","2008",4.52
"6105","Jihlava","2009",7.52
"6105","Jihlava","2010",7.12
"6105","Jihlava","2011",6.41
"6105","Jihlava","2012",6.46
"6105","Jihlava","2013",6.51
"6105","Jihlava","2014",6.55
"6105","Jihlava","2015",5.41
"6105","Jihlava","2016",4.32
"6105","Jihlava","2017",3.24
"6105","Jihlava","2018",2.88
"6105","Jihlava","2019",2.53
"6105","Jihlava","2020",3.04
"6106","Moravské Budějovice","2006",8.97
"6106","Moravské Budějovice","2007",6.83
"6106","Moravské Budějovice","2008",6.83
"6106","Moravské Budějovice","2009",9.2
"6106","Moravské Budějovice","2010",10.94
"6106","Moravské Budějovice","2011",9.79
"6106","Moravské Budějovice","2012",9.79
"6106","Moravské Budějovice","2013",9.79
"6106","Moravské Budějovice","2014",9.78
"6106","Moravské Budějovice","2015",8.24
"6106","Moravské Budějovice","2016",6.35
"6106","Moravské Budějovice","2017",4.41
"6106","Moravské Budějovice","2018",3.61
"6106","Moravské Budějovice","2019",3.19
"6106","Moravské Budějovice","2020",3.71
"6107","Náměšť nad Oslavou","2006",8.12
"6107","Náměšť nad Oslavou","2007",5.92
"6107","Náměšť nad Oslavou","2008",5.76
"6107","Náměšť nad Oslavou","2009",9.57
"6107","Náměšť nad Oslavou","2010",10.76
"6107","Náměšť nad Oslavou","2011",9.84
"6107","Náměšť nad Oslavou","2012",9.61
"6107","Náměšť nad Oslavou","2013",9.38
"6107","Náměšť nad Oslavou","2014",9.16
"6107","Náměšť nad Oslavou","2015",7.84
"6107","Náměšť nad Oslavou","2016",5.2
"6107","Náměšť nad Oslavou","2017",3.7
"6107","Náměšť nad Oslavou","2018",2.9
"6107","Náměšť nad Oslavou","2019",2.79
"6107","Náměšť nad Oslavou","2020",3.67
"6108","Nové Město na Moravě","2006",6.09
"6108","Nové Město na Moravě","2007",5.52
"6108","Nové Město na Moravě","2008",4.96
"6108","Nové Město na Moravě","2009",7.55
"6108","Nové Město na Moravě","2010",8.57
"6108","Nové Město na Moravě","2011",7.46
"6108","Nové Město na Moravě","2012",7.88
"6108","Nové Město na Moravě","2013",8.3
"6108","Nové Město na Moravě","2014",8.71
"6108","Nové Město na Moravě","2015",7.55
"6108","Nové Město na Moravě","2016",6.78
"6108","Nové Město na Moravě","2017",5.6
"6108","Nové Město na Moravě","2018",5.01
"6108","Nové Město na Moravě","2019",3.14
"6108","Nové Město na Moravě","2020",4.15
"6109","Pacov","2006",2.76
"6109","Pacov","2007",2.54
"6109","Pacov","2008",2.78
"6109","Pacov","2009",5.46
"6109","Pacov","2010",5.84
"6109","Pacov","2011",4.68
"6109","Pacov","2012",4.72
"6109","Pacov","2013",4.76
"6109","Pacov","2014",4.79
"6109","Pacov","2015",3.87
"6109","Pacov","2016",3.41
"6109","Pacov","2017",2.01
"6109","Pacov","2018",1.33
"6109","Pacov","2019",1.34
"6109","Pacov","2020",1.67
"6110","Pelhřimov","2006",2.85
"6110","Pelhřimov","2007",2.47
"6110","Pelhřimov","2008",3.33
"6110","Pelhřimov","2009",5.8
"6110","Pelhřimov","2010",5.75
"6110","Pelhřimov","2011",4.64
"6110","Pelhřimov","2012",4.71
"6110","Pelhřimov","2013",4.78
"6110","Pelhřimov","2014",4.85
"6110","Pelhřimov","2015",3.83
"6110","Pelhřimov","2016",3.01
"6110","Pelhřimov","2017",1.97
"6110","Pelhřimov","2018",1.39
"6110","Pelhřimov","2019",1.22
"6110","Pelhřimov","2020",1.81
"6111","Světlá nad Sázavou","2006",4.24
"6111","Světlá nad Sázavou","2007",3.35
"6111","Světlá nad Sázavou","2008",6.55
"6111","Světlá nad Sázavou","2009",9.77
"6111","Světlá nad Sázavou","2010",9.57
"6111","Světlá nad Sázavou","2011",7.31
"6111","Světlá nad Sázavou","2012",7.28
"6111","Světlá nad Sázavou","2013",7.25
"6111","Světlá nad Sázavou","2014",7.22
"6111","Světlá nad Sázavou","2015",6.79
"6111","Světlá nad Sázavou","2016",5.41
"6111","Světlá nad Sázavou","2017",4.04
"6111","Světlá nad Sázavou","2018",3.5
"6111","Světlá nad Sázavou","2019",3.6
"6111","Světlá nad Sázavou","2020",4.11
"6112","Telč","2006",6.69
"6112","Telč","2007",5.62
"6112","Telč","2008",5.76
"6112","Telč","2009",9.93
"6112","Telč","2010",10.16
"6112","Telč","2011",8.22
"6112","Telč","2012",8.62
"6112","Telč","2013",9.02
"6112","Telč","2014",9.43
"6112","Telč","2015",7.53
"6112","Telč","2016",6.37
"6112","Telč","2017",4.89
"6112","Telč","2018",4.66
"6112","Telč","2019",4.38
"6112","Telč","2020",5.06
"6113","Třebíč","2006",7.9
"6113","Třebíč","2007",6.04
"6113","Třebíč","2008",6
"6113","Třebíč","2009",9.25
"6113","Třebíč","2010",10.25
"6113","Třebíč","2011",9.49
"6113","Třebíč","2012",9.49
"6113","Třebíč","2013",9.49
"6113","Třebíč","2014",9.49
"6113","Třebíč","2015",8.3
"6113","Třebíč","2016",7.06
"6113","Třebíč","2017",5.12
"6113","Třebíč","2018",3.94
"6113","Třebíč","2019",3.57
"6113","Třebíč","2020",4.4
"6114","Velké Meziříčí","2006",5.1
"6114","Velké Meziříčí","2007",3.84
"6114","Velké Meziříčí","2008",4.49
"6114","Velké Meziříčí","2009",8.29
"6114","Velké Meziříčí","2010",8.62
"6114","Velké Meziříčí","2011",7.7
"6114","Velké Meziříčí","2012",7.66
"6114","Velké Meziříčí","2013",7.62
"6114","Velké Meziříčí","2014",7.57
"6114","Velké Meziříčí","2015",6.27
"6114","Velké Meziříčí","2016",5.44
"6114","Velké Meziříčí","2017",4.28
"6114","Velké Meziříčí","2018",3.08
"6114","Velké Meziříčí","2019",2.76
"6114","Velké Meziříčí","2020",3.23
"6115","Žďár nad Sázavou","2006",4.13
"6115","Žďár nad Sázavou","2007",3.4
"6115","Žďár nad Sázavou","2008",3.68
"6115","Žďár nad Sázavou","2009",6.13
"6115","Žďár nad Sázavou","2010",6.85
"6115","Žďár nad Sázavou","2011",6.14
"6115","Žďár nad Sázavou","2012",6.16
"6115","Žďár nad Sázavou","2013",6.18
"6115","Žďár nad Sázavou","2014",6.21
"6115","Žďár nad Sázavou","2015",5.01
"6115","Žďár nad Sázavou","2016",4.67
"6115","Žďár nad Sázavou","2017",3.29
"6115","Žďár nad Sázavou","2018",2.49
"6115","Žďár nad Sázavou","2019",2.36
"6115","Žďár nad Sázavou","2020",3.25
"6201","Blansko","2006",4.02
"6201","Blansko","2007",3.68
"6201","Blansko","2008",4.05
"6201","Blansko","2009",7.29
"6201","Blansko","2010",6.72
"6201","Blansko","2011",5.76
"6201","Blansko","2012",5.72
"6201","Blansko","2013",5.68
"6201","Blansko","2014",5.64
"6201","Blansko","2015",4.73
"6201","Blansko","2016",3.76
"6201","Blansko","2017",2.72
"6201","Blansko","2018",1.77
"6201","Blansko","2019",1.71
"6201","Blansko","2020",2.56
"6202","Boskovice","2006",5.24
"6202","Boskovice","2007",4.4
"6202","Boskovice","2008",5.07
"6202","Boskovice","2009",8.49
"6202","Boskovice","2010",8.11
"6202","Boskovice","2011",7.47
"6202","Boskovice","2012",7.52
"6202","Boskovice","2013",7.57
"6202","Boskovice","2014",7.62
"6202","Boskovice","2015",6.33
"6202","Boskovice","2016",5.41
"6202","Boskovice","2017",3.71
"6202","Boskovice","2018",3.3
"6202","Boskovice","2019",3.42
"6202","Boskovice","2020",3.98
"6203","Brno","2006",6.21
"6203","Brno","2007",4.77
"6203","Brno","2008",4.61
"6203","Brno","2009",6.88
"6203","Brno","2010",7.48
"6203","Brno","2011",6.94
"6203","Brno","2012",7.43
"6203","Brno","2013",7.92
"6203","Brno","2014",8.41
"6203","Brno","2015",7.25
"6203","Brno","2016",6.39
"6203","Brno","2017",4.55
"6203","Brno","2018",3.9
"6203","Brno","2019",3.36
"6203","Brno","2020",5.18
"6204","Břeclav","2006",6.96
"6204","Břeclav","2007",5.32
"6204","Břeclav","2008",5.15
"6204","Břeclav","2009",8.85
"6204","Břeclav","2010",9.93
"6204","Břeclav","2011",8.84
"6204","Břeclav","2012",8.36
"6204","Břeclav","2013",7.88
"6204","Břeclav","2014",7.39
"6204","Břeclav","2015",6.14
"6204","Břeclav","2016",5.15
"6204","Břeclav","2017",3.97
"6204","Břeclav","2018",3.45
"6204","Břeclav","2019",3.15
"6204","Břeclav","2020",4
"6205","Bučovice","2006",6.06
"6205","Bučovice","2007",4.5
"6205","Bučovice","2008",4.52
"6205","Bučovice","2009",8.39
"6205","Bučovice","2010",7.62
"6205","Bučovice","2011",7.6
"6205","Bučovice","2012",7.45
"6205","Bučovice","2013",7.3
"6205","Bučovice","2014",7.16
"6205","Bučovice","2015",6.07
"6205","Bučovice","2016",5.07
"6205","Bučovice","2017",4.04
"6205","Bučovice","2018",2.88
"6205","Bučovice","2019",2.62
"6205","Bučovice","2020",3.37
"6206","Hodonín","2006",9.9
"6206","Hodonín","2007",8.14
"6206","Hodonín","2008",8.34
"6206","Hodonín","2009",12.43
"6206","Hodonín","2010",13.31
"6206","Hodonín","2011",11.92
"6206","Hodonín","2012",11.9
"6206","Hodonín","2013",11.88
"6206","Hodonín","2014",11.85
"6206","Hodonín","2015",10.12
"6206","Hodonín","2016",8.67
"6206","Hodonín","2017",6.7
"6206","Hodonín","2018",5.55
"6206","Hodonín","2019",4.98
"6206","Hodonín","2020",6.05
"6207","Hustopeče","2006",6.3
"6207","Hustopeče","2007",4.86
"6207","Hustopeče","2008",4.89
"6207","Hustopeče","2009",8.1
"6207","Hustopeče","2010",8.95
"6207","Hustopeče","2011",7.12
"6207","Hustopeče","2012",7.2
"6207","Hustopeče","2013",7.28
"6207","Hustopeče","2014",7.35
"6207","Hustopeče","2015",6.24
"6207","Hustopeče","2016",5.51
"6207","Hustopeče","2017",3.95
"6207","Hustopeče","2018",3.6
"6207","Hustopeče","2019",3.37
"6207","Hustopeče","2020",3.53
"6208","Ivančice","2006",5.12
"6208","Ivančice","2007",4.32
"6208","Ivančice","2008",4.26
"6208","Ivančice","2009",7.9
"6208","Ivančice","2010",8.33
"6208","Ivančice","2011",7.01
"6208","Ivančice","2012",7.3
"6208","Ivančice","2013",7.59
"6208","Ivančice","2014",7.89
"6208","Ivančice","2015",6.19
"6208","Ivančice","2016",5.1
"6208","Ivančice","2017",3.04
"6208","Ivančice","2018",1.89
"6208","Ivančice","2019",1.63
"6208","Ivančice","2020",2.31
"6209","Kuřim","2006",3.54
"6209","Kuřim","2007",2.58
"6209","Kuřim","2008",2.82
"6209","Kuřim","2009",5.5
"6209","Kuřim","2010",5.44
"6209","Kuřim","2011",5.11
"6209","Kuřim","2012",5.18
"6209","Kuřim","2013",5.25
"6209","Kuřim","2014",5.33
"6209","Kuřim","2015",4.7
"6209","Kuřim","2016",4.24
"6209","Kuřim","2017",3.14
"6209","Kuřim","2018",2.36
"6209","Kuřim","2019",2.28
"6209","Kuřim","2020",3.24
"6210","Kyjov","2006",8.88
"6210","Kyjov","2007",7.35
"6210","Kyjov","2008",7.16
"6210","Kyjov","2009",10.15
"6210","Kyjov","2010",10.94
"6210","Kyjov","2011",9.63
"6210","Kyjov","2012",9.44
"6210","Kyjov","2013",9.25
"6210","Kyjov","2014",9.06
"6210","Kyjov","2015",7.75
"6210","Kyjov","2016",7.16
"6210","Kyjov","2017",5.46
"6210","Kyjov","2018",4.81
"6210","Kyjov","2019",4.33
"6210","Kyjov","2020",4.72
"6211","Mikulov","2006",8.61
"6211","Mikulov","2007",6.95
"6211","Mikulov","2008",5.83
"6211","Mikulov","2009",10.13
"6211","Mikulov","2010",11.39
"6211","Mikulov","2011",9.08
"6211","Mikulov","2012",9.01
"6211","Mikulov","2013",8.94
"6211","Mikulov","2014",8.88
"6211","Mikulov","2015",7.36
"6211","Mikulov","2016",6.37
"6211","Mikulov","2017",5.42
"6211","Mikulov","2018",4.19
"6211","Mikulov","2019",4.16
"6211","Mikulov","2020",5.06
"6212","Moravský Krumlov","2006",8.17
"6212","Moravský Krumlov","2007",6.55
"6212","Moravský Krumlov","2008",6.44
"6212","Moravský Krumlov","2009",9.71
"6212","Moravský Krumlov","2010",9.58
"6212","Moravský Krumlov","2011",8.89
"6212","Moravský Krumlov","2012",9.06
"6212","Moravský Krumlov","2013",9.23
"6212","Moravský Krumlov","2014",9.39
"6212","Moravský Krumlov","2015",7.9
"6212","Moravský Krumlov","2016",6.63
"6212","Moravský Krumlov","2017",4.86
"6212","Moravský Krumlov","2018",4.34
"6212","Moravský Krumlov","2019",3.87
"6212","Moravský Krumlov","2020",4.28
"6213","Pohořelice","2006",6.37
"6213","Pohořelice","2007",4.25
"6213","Pohořelice","2008",4
"6213","Pohořelice","2009",7.67
"6213","Pohořelice","2010",8.47
"6213","Pohořelice","2011",7.5
"6213","Pohořelice","2012",7.51
"6213","Pohořelice","2013",7.52
"6213","Pohořelice","2014",7.54
"6213","Pohořelice","2015",6.18
"6213","Pohořelice","2016",5.96
"6213","Pohořelice","2017",4.46
"6213","Pohořelice","2018",4.14
"6213","Pohořelice","2019",3.5
"6213","Pohořelice","2020",4.61
"6214","Rosice","2006",5.29
"6214","Rosice","2007",4.4
"6214","Rosice","2008",4
"6214","Rosice","2009",7.3
"6214","Rosice","2010",7.56
"6214","Rosice","2011",6.46
"6214","Rosice","2012",6.6
"6214","Rosice","2013",6.74
"6214","Rosice","2014",6.87
"6214","Rosice","2015",5.95
"6214","Rosice","2016",4.83
"6214","Rosice","2017",3.2
"6214","Rosice","2018",2.33
"6214","Rosice","2019",2.11
"6214","Rosice","2020",2.6
"6215","Slavkov u Brna","2006",4.21
"6215","Slavkov u Brna","2007",2.78
"6215","Slavkov u Brna","2008",2.77
"6215","Slavkov u Brna","2009",5.92
"6215","Slavkov u Brna","2010",5.99
"6215","Slavkov u Brna","2011",5.47
"6215","Slavkov u Brna","2012",5.38
"6215","Slavkov u Brna","2013",5.29
"6215","Slavkov u Brna","2014",5.19
"6215","Slavkov u Brna","2015",4.05
"6215","Slavkov u Brna","2016",2.94
"6215","Slavkov u Brna","2017",2.6
"6215","Slavkov u Brna","2018",2.2
"6215","Slavkov u Brna","2019",2.15
"6215","Slavkov u Brna","2020",2.91
"6216","Šlapanice","2006",3.38
"6216","Šlapanice","2007",2.52
"6216","Šlapanice","2008",2.46
"6216","Šlapanice","2009",4.81
"6216","Šlapanice","2010",5.24
"6216","Šlapanice","2011",4.65
"6216","Šlapanice","2012",4.78
"6216","Šlapanice","2013",4.91
"6216","Šlapanice","2014",5.05
"6216","Šlapanice","2015",4.05
"6216","Šlapanice","2016",3.34
"6216","Šlapanice","2017",2.45
"6216","Šlapanice","2018",1.97
"6216","Šlapanice","2019",1.94
"6216","Šlapanice","2020",2.85
"6217","Tišnov","2006",4.85
"6217","Tišnov","2007",3.42
"6217","Tišnov","2008",3.82
"6217","Tišnov","2009",6.91
"6217","Tišnov","2010",7.88
"6217","Tišnov","2011",6.84
"6217","Tišnov","2012",6.99
"6217","Tišnov","2013",7.14
"6217","Tišnov","2014",7.28
"6217","Tišnov","2015",6.08
"6217","Tišnov","2016",5.22
"6217","Tišnov","2017",4.26
"6217","Tišnov","2018",3.62
"6217","Tišnov","2019",3.5
"6217","Tišnov","2020",4.23
"6218","Veselí nad Moravou","2006",8.42
"6218","Veselí nad Moravou","2007",6.79
"6218","Veselí nad Moravou","2008",7.03
"6218","Veselí nad Moravou","2009",10.89
"6218","Veselí nad Moravou","2010",11.15
"6218","Veselí nad Moravou","2011",9.72
"6218","Veselí nad Moravou","2012",9.65
"6218","Veselí nad Moravou","2013",9.58
"6218","Veselí nad Moravou","2014",9.51
"6218","Veselí nad Moravou","2015",8.43
"6218","Veselí nad Moravou","2016",7.61
"6218","Veselí nad Moravou","2017",6.11
"6218","Veselí nad Moravou","2018",4.79
"6218","Veselí nad Moravou","2019",4.49
"6218","Veselí nad Moravou","2020",5.27
"6219","Vyškov","2006",5.19
"6219","Vyškov","2007",3.74
"6219","Vyškov","2008",3.98
"6219","Vyškov","2009",7.1
"6219","Vyškov","2010",6.87
"6219","Vyškov","2011",6.76
"6219","Vyškov","2012",6.45
"6219","Vyškov","2013",6.14
"6219","Vyškov","2014",5.82
"6219","Vyškov","2015",4.49
"6219","Vyškov","2016",3.42
"6219","Vyškov","2017",2.43
"6219","Vyškov","2018",1.96
"6219","Vyškov","2019",1.74
"6219","Vyškov","2020",2.63
"6220","Znojmo","2006",9.87
"6220","Znojmo","2007",8.67
"6220","Znojmo","2008",8.01
"6220","Znojmo","2009",11.34
"6220","Znojmo","2010",11.53
"6220","Znojmo","2011",10.61
"6220","Znojmo","2012",10.76
"6220","Znojmo","2013",10.91
"6220","Znojmo","2014",11.05
"6220","Znojmo","2015",9.62
"6220","Znojmo","2016",8.79
"6220","Znojmo","2017",7
"6220","Znojmo","2018",6.24
"6220","Znojmo","2019",5.39
"6220","Znojmo","2020",6.81
"6221","Židlochovice","2006",3.71
"6221","Židlochovice","2007",2.68
"6221","Židlochovice","2008",2.6
"6221","Židlochovice","2009",4.94
"6221","Židlochovice","2010",4.79
"6221","Židlochovice","2011",4.35
"6221","Židlochovice","2012",4.86
"6221","Židlochovice","2013",5.37
"6221","Židlochovice","2014",5.89
"6221","Židlochovice","2015",4.45
"6221","Židlochovice","2016",3.8
"6221","Židlochovice","2017",3.35
"6221","Židlochovice","2018",2.75
"6221","Židlochovice","2019",2.18
"6221","Židlochovice","2020",3.44
"7101","Hranice","2006",6.28
"7101","Hranice","2007",4.87
"7101","Hranice","2008",4.52
"7101","Hranice","2009",7.42
"7101","Hranice","2010",8.81
"7101","Hranice","2011",7.28
"7101","Hranice","2012",7.62
"7101","Hranice","2013",7.96
"7101","Hranice","2014",8.31
"7101","Hranice","2015",5.87
"7101","Hranice","2016",4.64
"7101","Hranice","2017",2.98
"7101","Hranice","2018",2.25
"7101","Hranice","2019",2.1
"7101","Hranice","2020",3.43
"7102","Jeseník","2006",10.17
"7102","Jeseník","2007",8.11
"7102","Jeseník","2008",8.16
"7102","Jeseník","2009",10.99
"7102","Jeseník","2010",13.2
"7102","Jeseník","2011",11.38
"7102","Jeseník","2012",11.08
"7102","Jeseník","2013",10.78
"7102","Jeseník","2014",10.48
"7102","Jeseník","2015",9.32
"7102","Jeseník","2016",8.41
"7102","Jeseník","2017",7.07
"7102","Jeseník","2018",5.51
"7102","Jeseník","2019",4.88
"7102","Jeseník","2020",6.27
"7103","Konice","2006",5.96
"7103","Konice","2007",3.97
"7103","Konice","2008",4.65
"7103","Konice","2009",9.27
"7103","Konice","2010",10
"7103","Konice","2011",8.27
"7103","Konice","2012",7.79
"7103","Konice","2013",7.31
"7103","Konice","2014",6.84
"7103","Konice","2015",4.89
"7103","Konice","2016",3.69
"7103","Konice","2017",2.6
"7103","Konice","2018",2.71
"7103","Konice","2019",1.72
"7103","Konice","2020",2.89
"7104","Lipník nad Bečvou","2006",9.55
"7104","Lipník nad Bečvou","2007",8.28
"7104","Lipník nad Bečvou","2008",7.28
"7104","Lipník nad Bečvou","2009",10.81
"7104","Lipník nad Bečvou","2010",11.12
"7104","Lipník nad Bečvou","2011",9.61
"7104","Lipník nad Bečvou","2012",9.98
"7104","Lipník nad Bečvou","2013",10.35
"7104","Lipník nad Bečvou","2014",10.72
"7104","Lipník nad Bečvou","2015",8.36
"7104","Lipník nad Bečvou","2016",6.89
"7104","Lipník nad Bečvou","2017",5.36
"7104","Lipník nad Bečvou","2018",3.82
"7104","Lipník nad Bečvou","2019",2.89
"7104","Lipník nad Bečvou","2020",4.4
"7105","Litovel","2006",5.88
"7105","Litovel","2007",4.02
"7105","Litovel","2008",4.33
"7105","Litovel","2009",8.26
"7105","Litovel","2010",8
"7105","Litovel","2011",6.77
"7105","Litovel","2012",6.58
"7105","Litovel","2013",6.39
"7105","Litovel","2014",6.2
"7105","Litovel","2015",4.78
"7105","Litovel","2016",3.62
"7105","Litovel","2017",2.32
"7105","Litovel","2018",1.76
"7105","Litovel","2019",1.8
"7105","Litovel","2020",2.54
"7106","Mohelnice","2006",6.04
"7106","Mohelnice","2007",4.7
"7106","Mohelnice","2008",5.77
"7106","Mohelnice","2009",11.48
"7106","Mohelnice","2010",9.21
"7106","Mohelnice","2011",7.92
"7106","Mohelnice","2012",7.76
"7106","Mohelnice","2013",7.6
"7106","Mohelnice","2014",7.45
"7106","Mohelnice","2015",5.89
"7106","Mohelnice","2016",5
"7106","Mohelnice","2017",4.16
"7106","Mohelnice","2018",4.09
"7106","Mohelnice","2019",4.54
"7106","Mohelnice","2020",4.85
"7107","Olomouc","2006",5.08
"7107","Olomouc","2007",3.54
"7107","Olomouc","2008",3.74
"7107","Olomouc","2009",7.18
"7107","Olomouc","2010",7.68
"7107","Olomouc","2011",7.22
"7107","Olomouc","2012",7.61
"7107","Olomouc","2013",8
"7107","Olomouc","2014",8.4
"7107","Olomouc","2015",6.88
"7107","Olomouc","2016",5.78
"7107","Olomouc","2017",3.79
"7107","Olomouc","2018",2.78
"7107","Olomouc","2019",2.48
"7107","Olomouc","2020",3.7
"7108","Prostějov","2006",4.25
"7108","Prostějov","2007",2.9
"7108","Prostějov","2008",3.16
"7108","Prostějov","2009",7.01
"7108","Prostějov","2010",7.76
"7108","Prostějov","2011",7.14
"7108","Prostějov","2012",7.02
"7108","Prostějov","2013",6.9
"7108","Prostějov","2014",6.77
"7108","Prostějov","2015",4.82
"7108","Prostějov","2016",3.85
"7108","Prostějov","2017",2.76
"7108","Prostějov","2018",2.29
"7108","Prostějov","2019",1.97
"7108","Prostějov","2020",2.79
"7109","Přerov","2006",7.97
"7109","Přerov","2007",6.03
"7109","Přerov","2008",5.64
"7109","Přerov","2009",9.4
"7109","Přerov","2010",9.68
"7109","Přerov","2011",9.4
"7109","Přerov","2012",9.77
"7109","Přerov","2013",10.14
"7109","Přerov","2014",10.5
"7109","Přerov","2015",8.74
"7109","Přerov","2016",7.6
"7109","Přerov","2017",6.22
"7109","Přerov","2018",4.67
"7109","Přerov","2019",3.77
"7109","Přerov","2020",5.41
"7110","Šternberk","2006",7.03
"7110","Šternberk","2007",5.45
"7110","Šternberk","2008",5.82
"7110","Šternberk","2009",10.39
"7110","Šternberk","2010",9.74
"7110","Šternberk","2011",9.13
"7110","Šternberk","2012",9.32
"7110","Šternberk","2013",9.51
"7110","Šternberk","2014",9.71
"7110","Šternberk","2015",7.94
"7110","Šternberk","2016",6.24
"7110","Šternberk","2017",4.56
"7110","Šternberk","2018",3.36
"7110","Šternberk","2019",3.09
"7110","Šternberk","2020",4.46
"7111","Šumperk","2006",7.02
"7111","Šumperk","2007",5.76
"7111","Šumperk","2008",5.72
"7111","Šumperk","2009",10.08
"7111","Šumperk","2010",10.02
"7111","Šumperk","2011",9.68
"7111","Šumperk","2012",9.64
"7111","Šumperk","2013",9.6
"7111","Šumperk","2014",9.55
"7111","Šumperk","2015",7.32
"7111","Šumperk","2016",6.8
"7111","Šumperk","2017",4.89
"7111","Šumperk","2018",3.92
"7111","Šumperk","2019",3.3
"7111","Šumperk","2020",4.28
"7112","Uničov","2006",7.91
"7112","Uničov","2007",5.71
"7112","Uničov","2008",6.32
"7112","Uničov","2009",15.08
"7112","Uničov","2010",10.14
"7112","Uničov","2011",9.3
"7112","Uničov","2012",9.16
"7112","Uničov","2013",9.02
"7112","Uničov","2014",8.88
"7112","Uničov","2015",7.35
"7112","Uničov","2016",5.95
"7112","Uničov","2017",4.7
"7112","Uničov","2018",3.22
"7112","Uničov","2019",3.44
"7112","Uničov","2020",4.14
"7113","Zábřeh","2006",7.54
"7113","Zábřeh","2007",5.4
"7113","Zábřeh","2008",5.31
"7113","Zábřeh","2009",9.79
"7113","Zábřeh","2010",9.56
"7113","Zábřeh","2011",8.64
"7113","Zábřeh","2012",8.49
"7113","Zábřeh","2013",8.34
"7113","Zábřeh","2014",8.18
"7113","Zábřeh","2015",6.2
"7113","Zábřeh","2016",5.32
"7113","Zábřeh","2017",3.77
"7113","Zábřeh","2018",3.35
"7113","Zábřeh","2019",2.73
"7113","Zábřeh","2020",3.73
"7201","Bystřice pod Hostýnem","2006",5.62
"7201","Bystřice pod Hostýnem","2007",5.25
"7201","Bystřice pod Hostýnem","2008",4.17
"7201","Bystřice pod Hostýnem","2009",8.8
"7201","Bystřice pod Hostýnem","2010",8.91
"7201","Bystřice pod Hostýnem","2011",8.31
"7201","Bystřice pod Hostýnem","2012",8.72
"7201","Bystřice pod Hostýnem","2013",9.13
"7201","Bystřice pod Hostýnem","2014",9.53
"7201","Bystřice pod Hostýnem","2015",7.95
"7201","Bystřice pod Hostýnem","2016",5.91
"7201","Bystřice pod Hostýnem","2017",4
"7201","Bystřice pod Hostýnem","2018",2.97
"7201","Bystřice pod Hostýnem","2019",2.7
"7201","Bystřice pod Hostýnem","2020",3.74
"7202","Holešov","2006",5.5
"7202","Holešov","2007",4.31
"7202","Holešov","2008",4.17
"7202","Holešov","2009",7.53
"7202","Holešov","2010",7.07
"7202","Holešov","2011",6.62
"7202","Holešov","2012",6.71
"7202","Holešov","2013",6.8
"7202","Holešov","2014",6.9
"7202","Holešov","2015",5.42
"7202","Holešov","2016",4.73
"7202","Holešov","2017",3.39
"7202","Holešov","2018",2.51
"7202","Holešov","2019",2.26
"7202","Holešov","2020",2.39
"7203","Kroměříž","2006",6.99
"7203","Kroměříž","2007",5.49
"7203","Kroměříž","2008",5.52
"7203","Kroměříž","2009",9.27
"7203","Kroměříž","2010",8.97
"7203","Kroměříž","2011",8.14
"7203","Kroměříž","2012",8.33
"7203","Kroměříž","2013",8.52
"7203","Kroměříž","2014",8.7
"7203","Kroměříž","2015",7.33
"7203","Kroměříž","2016",6.05
"7203","Kroměříž","2017",4.18
"7203","Kroměříž","2018",3.3
"7203","Kroměříž","2019",2.65
"7203","Kroměříž","2020",3.2
"7204","Luhačovice","2006",4.91
"7204","Luhačovice","2007",3.92
"7204","Luhačovice","2008",3.83
"7204","Luhačovice","2009",7.2
"7204","Luhačovice","2010",7.25
"7204","Luhačovice","2011",6.04
"7204","Luhačovice","2012",5.86
"7204","Luhačovice","2013",5.68
"7204","Luhačovice","2014",5.51
"7204","Luhačovice","2015",4.37
"7204","Luhačovice","2016",3.45
"7204","Luhačovice","2017",2.51
"7204","Luhačovice","2018",2
"7204","Luhačovice","2019",1.87
"7204","Luhačovice","2020",2.72
"7205","Otrokovice","2006",4.9
"7205","Otrokovice","2007",4.05
"7205","Otrokovice","2008",4.02
"7205","Otrokovice","2009",7.52
"7205","Otrokovice","2010",7.37
"7205","Otrokovice","2011",5.81
"7205","Otrokovice","2012",5.89
"7205","Otrokovice","2013",5.97
"7205","Otrokovice","2014",6.06
"7205","Otrokovice","2015",4.62
"7205","Otrokovice","2016",3.43
"7205","Otrokovice","2017",2.13
"7205","Otrokovice","2018",1.94
"7205","Otrokovice","2019",1.81
"7205","Otrokovice","2020",2.31
"7206","Rožnov pod Radhoštěm","2006",7.29
"7206","Rožnov pod Radhoštěm","2007",5.61
"7206","Rožnov pod Radhoštěm","2008",5.32
"7206","Rožnov pod Radhoštěm","2009",9.12
"7206","Rožnov pod Radhoštěm","2010",8.41
"7206","Rožnov pod Radhoštěm","2011",8.03
"7206","Rožnov pod Radhoštěm","2012",8.05
"7206","Rožnov pod Radhoštěm","2013",8.07
"7206","Rožnov pod Radhoštěm","2014",8.09
"7206","Rožnov pod Radhoštěm","2015",6.62
"7206","Rožnov pod Radhoštěm","2016",4.98
"7206","Rožnov pod Radhoštěm","2017",3.77
"7206","Rožnov pod Radhoštěm","2018",2.72
"7206","Rožnov pod Radhoštěm","2019",2.57
"7206","Rožnov pod Radhoštěm","2020",3.34
"7207","Uherské Hradiště","2006",4.49
"7207","Uherské Hradiště","2007",3.69
"7207","Uherské Hradiště","2008",4.19
"7207","Uherské Hradiště","2009",6.97
"7207","Uherské Hradiště","2010",7.35
"7207","Uherské Hradiště","2011",6.56
"7207","Uherské Hradiště","2012",6.52
"7207","Uherské Hradiště","2013",6.48
"7207","Uherské Hradiště","2014",6.45
"7207","Uherské Hradiště","2015",5.31
"7207","Uherské Hradiště","2016",4.79
"7207","Uherské Hradiště","2017",3.34
"7207","Uherské Hradiště","2018",2.64
"7207","Uherské Hradiště","2019",2.48
"7207","Uherské Hradiště","2020",3.21
"7208","Uherský Brod","2006",5.15
"7208","Uherský Brod","2007",4.19
"7208","Uherský Brod","2008",4.37
"7208","Uherský Brod","2009",7.53
"7208","Uherský Brod","2010",7.59
"7208","Uherský Brod","2011",6.62
"7208","Uherský Brod","2012",6.45
"7208","Uherský Brod","2013",6.28
"7208","Uherský Brod","2014",6.12
"7208","Uherský Brod","2015",4.8
"7208","Uherský Brod","2016",3.91
"7208","Uherský Brod","2017",2.87
"7208","Uherský Brod","2018",1.87
"7208","Uherský Brod","2019",1.76
"7208","Uherský Brod","2020",2.6
"7209","Valašské Klobouky","2006",7.13
"7209","Valašské Klobouky","2007",6.35
"7209","Valašské Klobouky","2008",6.45
"7209","Valašské Klobouky","2009",10.83
"7209","Valašské Klobouky","2010",10.07
"7209","Valašské Klobouky","2011",9.33
"7209","Valašské Klobouky","2012",8.94
"7209","Valašské Klobouky","2013",8.55
"7209","Valašské Klobouky","2014",8.17
"7209","Valašské Klobouky","2015",6.63
"7209","Valašské Klobouky","2016",5.4
"7209","Valašské Klobouky","2017",2.6
"7209","Valašské Klobouky","2018",1.7
"7209","Valašské Klobouky","2019",1.68
"7209","Valašské Klobouky","2020",2.38
"7210","Valašské Meziříčí","2006",6.39
"7210","Valašské Meziříčí","2007",5.09
"7210","Valašské Meziříčí","2008",4.72
"7210","Valašské Meziříčí","2009",6.78
"7210","Valašské Meziříčí","2010",7.91
"7210","Valašské Meziříčí","2011",7.19
"7210","Valašské Meziříčí","2012",7.33
"7210","Valašské Meziříčí","2013",7.47
"7210","Valašské Meziříčí","2014",7.61
"7210","Valašské Meziříčí","2015",6.51
"7210","Valašské Meziříčí","2016",5.58
"7210","Valašské Meziříčí","2017",3.94
"7210","Valašské Meziříčí","2018",2.76
"7210","Valašské Meziříčí","2019",3.06
"7210","Valašské Meziříčí","2020",3.99
"7211","Vizovice","2006",4.23
"7211","Vizovice","2007",3.12
"7211","Vizovice","2008",3.14
"7211","Vizovice","2009",6.11
"7211","Vizovice","2010",6.55
"7211","Vizovice","2011",5.61
"7211","Vizovice","2012",5.65
"7211","Vizovice","2013",5.69
"7211","Vizovice","2014",5.74
"7211","Vizovice","2015",4.69
"7211","Vizovice","2016",3.83
"7211","Vizovice","2017",2.89
"7211","Vizovice","2018",2.05
"7211","Vizovice","2019",1.81
"7211","Vizovice","2020",2.71
"7212","Vsetín","2006",7.25
"7212","Vsetín","2007",5.17
"7212","Vsetín","2008",5.8
"7212","Vsetín","2009",10.68
"7212","Vsetín","2010",9.73
"7212","Vsetín","2011",8.33
"7212","Vsetín","2012",8.6
"7212","Vsetín","2013",8.87
"7212","Vsetín","2014",9.13
"7212","Vsetín","2015",7.39
"7212","Vsetín","2016",6.42
"7212","Vsetín","2017",4.25
"7212","Vsetín","2018",3.4
"7212","Vsetín","2019",3.06
"7212","Vsetín","2020",4.18
"7213","Zlín","2006",4.21
"7213","Zlín","2007",3.16
"7213","Zlín","2008",3.24
"7213","Zlín","2009",6.41
"7213","Zlín","2010",6.48
"7213","Zlín","2011",5.6
"7213","Zlín","2012",5.86
"7213","Zlín","2013",6.12
"7213","Zlín","2014",6.38
"7213","Zlín","2015",5.02
"7213","Zlín","2016",3.84
"7213","Zlín","2017",2.92
"7213","Zlín","2018",2.3
"7213","Zlín","2019",2.22
"7213","Zlín","2020",3.05
"8101","Bílovec","2006",7.43
"8101","Bílovec","2007",5.05
"8101","Bílovec","2008",5.01
"8101","Bílovec","2009",9.32
"8101","Bílovec","2010",8.8
"8101","Bílovec","2011",7.05
"8101","Bílovec","2012",6.94
"8101","Bílovec","2013",6.83
"8101","Bílovec","2014",6.72
"8101","Bílovec","2015",4.96
"8101","Bílovec","2016",4.58
"8101","Bílovec","2017",3.91
"8101","Bílovec","2018",3.58
"8101","Bílovec","2019",3.45
"8101","Bílovec","2020",3.91
"8102","Bohumín","2006",9.41
"8102","Bohumín","2007",7.33
"8102","Bohumín","2008",6.14
"8102","Bohumín","2009",9.43
"8102","Bohumín","2010",8.59
"8102","Bohumín","2011",8.4
"8102","Bohumín","2012",8.62
"8102","Bohumín","2013",8.84
"8102","Bohumín","2014",9.07
"8102","Bohumín","2015",7.65
"8102","Bohumín","2016",7.21
"8102","Bohumín","2017",5.76
"8102","Bohumín","2018",5.04
"8102","Bohumín","2019",4.13
"8102","Bohumín","2020",5.72
"8103","Bruntál","2006",10.78
"8103","Bruntál","2007",8.56
"8103","Bruntál","2008",9.34
"8103","Bruntál","2009",12.66
"8103","Bruntál","2010",13.75
"8103","Bruntál","2011",13.28
"8103","Bruntál","2012",13.69
"8103","Bruntál","2013",14.1
"8103","Bruntál","2014",14.52
"8103","Bruntál","2015",12.31
"8103","Bruntál","2016",9.67
"8103","Bruntál","2017",7.15
"8103","Bruntál","2018",6.02
"8103","Bruntál","2019",5.55
"8103","Bruntál","2020",7.28
"8104","Český Těšín","2006",11.36
"8104","Český Těšín","2007",8.16
"8104","Český Těšín","2008",6.81
"8104","Český Těšín","2009",9.29
"8104","Český Těšín","2010",9
"8104","Český Těšín","2011",8.09
"8104","Český Těšín","2012",8.41
"8104","Český Těšín","2013",8.73
"8104","Český Těšín","2014",9.05
"8104","Český Těšín","2015",7.7
"8104","Český Těšín","2016",7.76
"8104","Český Těšín","2017",5.8
"8104","Český Těšín","2018",4.4
"8104","Český Těšín","2019",4.8
"8104","Český Těšín","2020",6
"8105","Frenštát pod Radhoštěm","2006",4.67
"8105","Frenštát pod Radhoštěm","2007",3.21
"8105","Frenštát pod Radhoštěm","2008",3.63
"8105","Frenštát pod Radhoštěm","2009",8.52
"8105","Frenštát pod Radhoštěm","2010",6.88
"8105","Frenštát pod Radhoštěm","2011",5.98
"8105","Frenštát pod Radhoštěm","2012",5.99
"8105","Frenštát pod Radhoštěm","2013",6
"8105","Frenštát pod Radhoštěm","2014",6.01
"8105","Frenštát pod Radhoštěm","2015",4.1
"8105","Frenštát pod Radhoštěm","2016",3.8
"8105","Frenštát pod Radhoštěm","2017",2.69
"8105","Frenštát pod Radhoštěm","2018",2.08
"8105","Frenštát pod Radhoštěm","2019",1.93
"8105","Frenštát pod Radhoštěm","2020",2.76
"8106","Frýdek-Místek","2006",7.57
"8106","Frýdek-Místek","2007",5.67
"8106","Frýdek-Místek","2008",4.38
"8106","Frýdek-Místek","2009",7.72
"8106","Frýdek-Místek","2010",7.66
"8106","Frýdek-Místek","2011",6.55
"8106","Frýdek-Místek","2012",6.89
"8106","Frýdek-Místek","2013",7.23
"8106","Frýdek-Místek","2014",7.57
"8106","Frýdek-Místek","2015",5.86
"8106","Frýdek-Místek","2016",5.07
"8106","Frýdek-Místek","2017",4.31
"8106","Frýdek-Místek","2018",3.33
"8106","Frýdek-Místek","2019",3.07
"8106","Frýdek-Místek","2020",3.72
"8107","Frýdlant nad Ostravicí","2006",7.34
"8107","Frýdlant nad Ostravicí","2007",5.58
"8107","Frýdlant nad Ostravicí","2008",4.29
"8107","Frýdlant nad Ostravicí","2009",7.58
"8107","Frýdlant nad Ostravicí","2010",6.95
"8107","Frýdlant nad Ostravicí","2011",6.29
"8107","Frýdlant nad Ostravicí","2012",6.51
"8107","Frýdlant nad Ostravicí","2013",6.73
"8107","Frýdlant nad Ostravicí","2014",6.95
"8107","Frýdlant nad Ostravicí","2015",5.9
"8107","Frýdlant nad Ostravicí","2016",5.22
"8107","Frýdlant nad Ostravicí","2017",3.9
"8107","Frýdlant nad Ostravicí","2018",3.34
"8107","Frýdlant nad Ostravicí","2019",2.96
"8107","Frýdlant nad Ostravicí","2020",3.78
"8108","Havířov","2006",11.39
"8108","Havířov","2007",9.6
"8108","Havířov","2008",8.19
"8108","Havířov","2009",10.45
"8108","Havířov","2010",10.81
"8108","Havířov","2011",9.81
"8108","Havířov","2012",10.5
"8108","Havířov","2013",11.19
"8108","Havířov","2014",11.89
"8108","Havířov","2015",11.25
"8108","Havířov","2016",10.22
"8108","Havířov","2017",8.21
"8108","Havířov","2018",6.89
"8108","Havířov","2019",6.81
"8108","Havířov","2020",8.13
"8109","Hlučín","2006",7.11
"8109","Hlučín","2007",5.3
"8109","Hlučín","2008",4.78
"8109","Hlučín","2009",6.67
"8109","Hlučín","2010",7.04
"8109","Hlučín","2011",6.3
"8109","Hlučín","2012",6.16
"8109","Hlučín","2013",6.02
"8109","Hlučín","2014",5.87
"8109","Hlučín","2015",5.03
"8109","Hlučín","2016",3.63
"8109","Hlučín","2017",2.62
"8109","Hlučín","2018",1.91
"8109","Hlučín","2019",1.5
"8109","Hlučín","2020",2.18
"8110","Jablunkov","2006",8.06
"8110","Jablunkov","2007",5.9
"8110","Jablunkov","2008",4.21
"8110","Jablunkov","2009",5.75
"8110","Jablunkov","2010",5.13
"8110","Jablunkov","2011",4.72
"8110","Jablunkov","2012",4.93
"8110","Jablunkov","2013",5.14
"8110","Jablunkov","2014",5.36
"8110","Jablunkov","2015",4.58
"8110","Jablunkov","2016",3.25
"8110","Jablunkov","2017",2.58
"8110","Jablunkov","2018",2.22
"8110","Jablunkov","2019",2.28
"8110","Jablunkov","2020",2.82
"8111","Karviná","2006",13.04
"8111","Karviná","2007",10.81
"8111","Karviná","2008",9.25
"8111","Karviná","2009",11.27
"8111","Karviná","2010",11.64
"8111","Karviná","2011",11.38
"8111","Karviná","2012",12.21
"8111","Karviná","2013",13.04
"8111","Karviná","2014",13.86
"8111","Karviná","2015",12.74
"8111","Karviná","2016",12.06
"8111","Karviná","2017",9.38
"8111","Karviná","2018",8.19
"8111","Karviná","2019",7.64
"8111","Karviná","2020",8.97
"8112","Kopřivnice","2006",6.09
"8112","Kopřivnice","2007",3.57
"8112","Kopřivnice","2008",4.07
"8112","Kopřivnice","2009",9.8
"8112","Kopřivnice","2010",7.77
"8112","Kopřivnice","2011",6
"8112","Kopřivnice","2012",6.13
"8112","Kopřivnice","2013",6.26
"8112","Kopřivnice","2014",6.4
"8112","Kopřivnice","2015",5.07
"8112","Kopřivnice","2016",4.52
"8112","Kopřivnice","2017",3.76
"8112","Kopřivnice","2018",3.21
"8112","Kopřivnice","2019",3.37
"8112","Kopřivnice","2020",3.99
"8113","Kravaře","2006",7.89
"8113","Kravaře","2007",6.54
"8113","Kravaře","2008",6.18
"8113","Kravaře","2009",8.75
"8113","Kravaře","2010",9.71
"8113","Kravaře","2011",8.24
"8113","Kravaře","2012",8.46
"8113","Kravaře","2013",8.68
"8113","Kravaře","2014",8.91
"8113","Kravaře","2015",8.14
"8113","Kravaře","2016",7.27
"8113","Kravaře","2017",5.26
"8113","Kravaře","2018",3.68
"8113","Kravaře","2019",2.95
"8113","Kravaře","2020",3.69
"8114","Krnov","2006",8.68
"8114","Krnov","2007",7.04
"8114","Krnov","2008",6.79
"8114","Krnov","2009",10.27
"8114","Krnov","2010",11.52
"8114","Krnov","2011",11.91
"8114","Krnov","2012",12.16
"8114","Krnov","2013",12.41
"8114","Krnov","2014",12.66
"8114","Krnov","2015",11.18
"8114","Krnov","2016",9.77
"8114","Krnov","2017",6.93
"8114","Krnov","2018",6.26
"8114","Krnov","2019",6.18
"8114","Krnov","2020",6.82
"8115","Nový Jičín","2006",6.54
"8115","Nový Jičín","2007",4.44
"8115","Nový Jičín","2008",4.98
"8115","Nový Jičín","2009",8.38
"8115","Nový Jičín","2010",7.61
"8115","Nový Jičín","2011",6.39
"8115","Nový Jičín","2012",6.57
"8115","Nový Jičín","2013",6.75
"8115","Nový Jičín","2014",6.94
"8115","Nový Jičín","2015",5.37
"8115","Nový Jičín","2016",3.95
"8115","Nový Jičín","2017",3.18
"8115","Nový Jičín","2018",2.91
"8115","Nový Jičín","2019",2.73
"8115","Nový Jičín","2020",3.63
"8116","Odry","2006",7.68
"8116","Odry","2007",6.32
"8116","Odry","2008",6.76
"8116","Odry","2009",11.9
"8116","Odry","2010",12.65
"8116","Odry","2011",10.13
"8116","Odry","2012",9.63
"8116","Odry","2013",9.13
"8116","Odry","2014",8.63
"8116","Odry","2015",6.32
"8116","Odry","2016",5.12
"8116","Odry","2017",3.96
"8116","Odry","2018",3.16
"8116","Odry","2019",2.73
"8116","Odry","2020",3.98
"8117","Opava","2006",7.12
"8117","Opava","2007",5.43
"8117","Opava","2008",4.72
"8117","Opava","2009",7.26
"8117","Opava","2010",8.17
"8117","Opava","2011",7.28
"8117","Opava","2012",7.56
"8117","Opava","2013",7.84
"8117","Opava","2014",8.11
"8117","Opava","2015",6.81
"8117","Opava","2016",5.36
"8117","Opava","2017",3.75
"8117","Opava","2018",2.82
"8117","Opava","2019",2.44
"8117","Opava","2020",3.07
"8118","Orlová","2006",12.56
"8118","Orlová","2007",9.77
"8118","Orlová","2008",8.41
"8118","Orlová","2009",10.67
"8118","Orlová","2010",10.66
"8118","Orlová","2011",10.03
"8118","Orlová","2012",10.77
"8118","Orlová","2013",11.51
"8118","Orlová","2014",12.24
"8118","Orlová","2015",11.22
"8118","Orlová","2016",10.97
"8118","Orlová","2017",8.56
"8118","Orlová","2018",7.45
"8118","Orlová","2019",7.71
"8118","Orlová","2020",9.07
"8119","Ostrava","2006",9.3
"8119","Ostrava","2007",6.85
"8119","Ostrava","2008",6.02
"8119","Ostrava","2009",8.43
"8119","Ostrava","2010",8.84
"8119","Ostrava","2011",8.5
"8119","Ostrava","2012",9.12
"8119","Ostrava","2013",9.74
"8119","Ostrava","2014",10.37
"8119","Ostrava","2015",9.53
"8119","Ostrava","2016",8.42
"8119","Ostrava","2017",6.5
"8119","Ostrava","2018",4.93
"8119","Ostrava","2019",4.82
"8119","Ostrava","2020",6.26
"8120","Rýmařov","2006",9.15
"8120","Rýmařov","2007",7.46
"8120","Rýmařov","2008",7.17
"8120","Rýmařov","2009",11.05
"8120","Rýmařov","2010",11.73
"8120","Rýmařov","2011",10.99
"8120","Rýmařov","2012",11.31
"8120","Rýmařov","2013",11.63
"8120","Rýmařov","2014",11.95
"8120","Rýmařov","2015",9.65
"8120","Rýmařov","2016",7.36
"8120","Rýmařov","2017",6.08
"8120","Rýmařov","2018",5
"8120","Rýmařov","2019",4.01
"8120","Rýmařov","2020",4.66
"8121","Třinec","2006",7.29
"8121","Třinec","2007",5.6
"8121","Třinec","2008",3.95
"8121","Třinec","2009",5.78
"8121","Třinec","2010",5.57
"8121","Třinec","2011",4.89
"8121","Třinec","2012",5.26
"8121","Třinec","2013",5.63
"8121","Třinec","2014",5.99
"8121","Třinec","2015",5.09
"8121","Třinec","2016",3.72
"8121","Třinec","2017",2.88
"8121","Třinec","2018",2.32
"8121","Třinec","2019",2.44
"8121","Třinec","2020",3.01
"8122","Vítkov","2006",10.55
"8122","Vítkov","2007",8.93
"8122","Vítkov","2008",9.61
"8122","Vítkov","2009",12.96
"8122","Vítkov","2010",13.59
"8122","Vítkov","2011",12.32
"8122","Vítkov","2012",12.61
"8122","Vítkov","2013",12.9
"8122","Vítkov","2014",13.2
"8122","Vítkov","2015",12.24
"8122","Vítkov","2016",10.01
"8122","Vítkov","2017",8
"8122","Vítkov","2018",6.8
"8122","Vítkov","2019",6.19
"8122","Vítkov","2020",7.03
