"year","municipality_id","municipality_name","winner_vote_percentage","party_id","party_name","party_name_short","is_overall_winner","is_winner_in_coalition","winner_vote_percentage_adj","coalition_vote_percentage","coalition_vote_percentage_adj","is_coalition_won"
2006,2101,"Benešov",38.19,53,"Občanská demokratická strana","ODS",1,1,45.4480542663335,50.17,59.7048673092943,1
2006,2102,"Beroun",43.32,53,"Občanská demokratická strana","ODS",1,1,52.5090909090909,53.23,64.5212121212121,1
2006,2103,"Brandýs nad Labem-Stará Boleslav",46.05,53,"Občanská demokratická strana","ODS",1,1,56.2683284457478,56.64,69.208211143695,1
2006,2104,"Čáslav",42.78,7,"Česká strana sociálně demokratická","ČSSD",0,0,52.6523076923077,38.47,47.3476923076923,0
2006,2105,"Černošice",54.82,53,"Občanská demokratická strana","ODS",1,1,61.5263748597082,71.87,80.662177328844,1
2006,2106,"Český Brod",45.6,53,"Občanská demokratická strana","ODS",1,1,54.4347618479169,57.47,68.6045123552584,1
2006,2107,"Dobříš",40.66,53,"Občanská demokratická strana","ODS",1,1,49.7552618697993,52.02,63.6563876651982,1
2006,2108,"Hořovice",37.88,53,"Občanská demokratická strana","ODS",1,1,46.2233068944478,48.85,59.6095179987798,1
2006,2109,"Kladno",38.16,53,"Občanská demokratická strana","ODS",1,1,48.1028614647674,47.63,60.0403378293206,1
2006,2110,"Kolín",38.49,53,"Občanská demokratická strana","ODS",1,1,47.4833456698742,47.79,58.9563286454478,1
2006,2111,"Kralupy nad Vltavou",40.33,53,"Občanská demokratická strana","ODS",1,1,49.2550073277968,50.99,62.2740595994138,1
2006,2112,"Kutná Hora",39.72,53,"Občanská demokratická strana","ODS",1,1,47.6773496579042,51.57,61.9013323730645,1
2006,2113,"Lysá nad Labem",42.85,53,"Občanská demokratická strana","ODS",1,1,52.5960476248926,54.92,67.4113170492206,1
2006,2114,"Mělník",41.27,53,"Občanská demokratická strana","ODS",1,1,50.6691221608349,51.56,63.3026396562308,1
2006,2115,"Mladá Boleslav",41.18,53,"Občanská demokratická strana","ODS",1,1,48.8783382789317,51.98,61.6973293768546,1
2006,2116,"Mnichovo Hradiště",40.01,53,"Občanská demokratická strana","ODS",1,1,47.9219068151874,50.71,60.737812911726,1
2006,2117,"Neratovice",42.49,53,"Občanská demokratická strana","ODS",1,1,51.2916465475616,52.37,63.2182520521487,1
2006,2118,"Nymburk",37.53,53,"Občanská demokratická strana","ODS",1,1,45.2987326493663,49.53,59.78273989137,1
2006,2119,"Poděbrady",46.24,53,"Občanská demokratická strana","ODS",1,1,54.0060733473487,58.08,67.8346180798879,1
2006,2120,"Příbram",36.8,7,"Česká strana sociálně demokratická","ČSSD",0,0,44.9987772071411,44.98,55.0012227928589,1
2006,2121,"Rakovník",35.76,53,"Občanská demokratická strana","ODS",1,1,44.5551956142537,45,56.0677797159233,1
2006,2122,"Říčany",52.08,53,"Občanská demokratická strana","ODS",1,1,59.7042301960335,66.42,76.143528602545,1
2006,2123,"Sedlčany",37.37,53,"Občanská demokratická strana","ODS",1,1,46.313049944231,50.5,62.5852026273392,1
2006,2124,"Slaný",38.37,53,"Občanská demokratická strana","ODS",1,1,47.9145854145854,46.95,58.6288711288711,1
2006,2125,"Vlašim",39.3,7,"Česká strana sociálně demokratická","ČSSD",0,0,47.9502196193265,42.66,52.0497803806735,1
2006,2126,"Votice",36.63,7,"Česká strana sociálně demokratická","ČSSD",0,0,44.659839063643,45.39,55.340160936357,1
2006,3101,"Blatná",35.53,7,"Česká strana sociálně demokratická","ČSSD",0,0,43.8967136150235,45.41,56.1032863849765,1
2006,3102,"České Budějovice",42.77,53,"Občanská demokratická strana","ODS",1,1,51.1909036505087,55.82,66.8102932375823,1
2006,3103,"Český Krumlov",38.64,53,"Občanská demokratická strana","ODS",1,1,46.6666666666667,52.58,63.5024154589372,1
2006,3104,"Dačice",30.72,53,"Občanská demokratická strana","ODS",1,1,40.5544554455446,47.29,62.4290429042904,1
2006,3105,"Jindřichův Hradec",35.87,53,"Občanská demokratická strana","ODS",1,1,44.8823823823824,47.58,59.5345345345345,1
2006,3106,"Kaplice",34.72,53,"Občanská demokratická strana","ODS",1,1,44.2970145445267,46.65,59.5177341158459,1
2006,3107,"Milevsko",37.37,53,"Občanská demokratická strana","ODS",1,1,45.4567570855127,50.53,61.4645420265175,1
2006,3108,"Písek",39.71,53,"Občanská demokratická strana","ODS",1,1,47.7226294916476,51.63,62.0478307895686,1
2006,3109,"Prachatice",37.99,53,"Občanská demokratická strana","ODS",1,1,45.7821161725717,51.36,61.8944323933478,1
2006,3110,"Soběslav",37.56,53,"Občanská demokratická strana","ODS",1,1,46.0124954061007,48.61,59.5491853485238,1
2006,3111,"Strakonice",36.31,53,"Občanská demokratická strana","ODS",1,1,43.6785757247684,48.54,58.3904727535186,1
2006,3112,"Tábor",38.34,53,"Občanská demokratická strana","ODS",1,1,46.4445790430042,50.87,61.6232586311327,1
2006,3113,"Trhové Sviny",35.03,53,"Občanská demokratická strana","ODS",1,1,45.4875990131152,46.4,60.2519153356707,1
2006,3114,"Třeboň",39.45,53,"Občanská demokratická strana","ODS",1,1,46.5541656832665,54.55,64.3733773896625,1
2006,3115,"Týn nad Vltavou",38.19,53,"Občanská demokratická strana","ODS",1,1,48.6744838134081,49.38,62.936528167219,1
2006,3116,"Vimperk",36.75,53,"Občanská demokratická strana","ODS",1,1,46.1104140526976,47.98,60.2007528230866,1
2006,3117,"Vodňany",37.87,53,"Občanská demokratická strana","ODS",1,1,44.7741782927406,51.95,61.4211397493497,1
2006,3201,"Blovice",36.94,53,"Občanská demokratická strana","ODS",1,1,48.3507853403141,48.9,64.0052356020942,1
2006,3202,"Domažlice",35.34,7,"Česká strana sociálně demokratická","ČSSD",0,0,43.7918215613383,45.36,56.2081784386617,1
2006,3203,"Horažďovice",36.05,7,"Česká strana sociálně demokratická","ČSSD",0,0,43.8244590323365,46.21,56.1755409676635,1
2006,3204,"Horšovský Týn",35.59,53,"Občanská demokratická strana","ODS",1,1,46.9710967401346,43.13,56.9222647485812,1
2006,3205,"Klatovy",36.39,53,"Občanská demokratická strana","ODS",1,1,45.3684079291859,47.49,59.2070814112953,1
2006,3206,"Kralovice",31.81,7,"Česká strana sociálně demokratická","ČSSD",0,0,42.5893693934931,42.88,57.4106306065069,1
2006,3207,"Nepomuk",34.07,53,"Občanská demokratická strana","ODS",1,1,43.4234004588325,46.95,59.8394086158552,1
2006,3208,"Nýřany",35.17,53,"Občanská demokratická strana","ODS",1,1,44.888321633695,44.81,57.1920867900447,1
2006,3209,"Plzeň",42.15,53,"Občanská demokratická strana","ODS",1,1,49.9171009000474,54.78,64.8744670772146,1
2006,3210,"Přeštice",35.4,53,"Občanská demokratická strana","ODS",1,1,47.3768736616702,44.31,59.301391862955,1
2006,3211,"Rokycany",39.51,53,"Občanská demokratická strana","ODS",1,1,49.7732426303855,50.87,64.0841521793903,1
2006,3212,"Stod",36.04,7,"Česká strana sociálně demokratická","ČSSD",0,0,45.2991452991453,43.52,54.7008547008547,1
2006,3213,"Stříbro",36.56,7,"Česká strana sociálně demokratická","ČSSD",0,0,45.6486452740667,43.53,54.3513547259333,1
2006,3214,"Sušice",37.34,53,"Občanská demokratická strana","ODS",1,1,45.1402321083172,51.31,62.0285299806576,1
2006,3215,"Tachov",36.53,7,"Česká strana sociálně demokratická","ČSSD",0,0,46.971840041147,41.24,53.028159958853,1
2006,4101,"Aš",33.41,53,"Občanská demokratická strana","ODS",1,1,43.6275790023505,43.39,56.6597022721337,1
2006,4102,"Cheb",35.42,7,"Česká strana sociálně demokratická","ČSSD",0,0,45.1440224318124,43.04,54.8559775681876,1
2006,4103,"Karlovy Vary",42.41,53,"Občanská demokratická strana","ODS",1,1,51.0164802117166,53.38,64.2126789366053,1
2006,4104,"Kraslice",36.07,53,"Občanská demokratická strana","ODS",1,1,46.3982505788526,45.53,58.5670182660149,1
2006,4105,"Mariánské Lázně",44.29,53,"Občanská demokratická strana","ODS",1,1,52.7513101476894,55.63,66.2577417818009,1
2006,4106,"Ostrov",36.43,53,"Občanská demokratická strana","ODS",1,1,46.0149046355943,47.4,59.8711633194392,1
2006,4107,"Sokolov",37.62,7,"Česká strana sociálně demokratická","ČSSD",0,0,47.7835640797663,41.11,52.2164359202337,1
2006,4201,"Bílina",40.3,7,"Česká strana sociálně demokratická","ČSSD",0,0,52.8455284552846,35.96,47.1544715447155,0
2006,4202,"Děčín",38.13,53,"Občanská demokratická strana","ODS",1,1,46.6022977267172,46.04,56.2698606697629,1
2006,4203,"Chomutov",39.19,7,"Česká strana sociálně demokratická","ČSSD",0,0,48.5926844389337,41.46,51.4073155610663,1
2006,4204,"Kadaň",38.21,7,"Česká strana sociálně demokratická","ČSSD",0,0,46.5578164981114,43.86,53.4421835018886,1
2006,4205,"Litoměřice",39.86,53,"Občanská demokratická strana","ODS",1,1,49.1734517641253,49.94,61.6086849247471,1
2006,4206,"Litvínov",34.5,7,"Česká strana sociálně demokratická","ČSSD",0,0,44.8576257963854,42.41,55.1423742036146,1
2006,4207,"Louny",37.16,53,"Občanská demokratická strana","ODS",1,1,46.860025220681,46.45,58.5750315258512,1
2006,4208,"Lovosice",37.77,7,"Česká strana sociálně demokratická","ČSSD",0,0,46.8668569301402,42.82,53.1331430698598,1
2006,4209,"Most",40.22,7,"Česká strana sociálně demokratická","ČSSD",0,0,50.546688450421,39.35,49.453311549579,0
2006,4210,"Podbořany",38.53,7,"Česká strana sociálně demokratická","ČSSD",0,0,51.2230789683595,36.69,48.7769210316405,0
2006,4211,"Roudnice nad Labem",41.75,53,"Občanská demokratická strana","ODS",1,1,51.9731109174655,50.85,63.3013818000747,1
2006,4212,"Rumburk",36.07,53,"Občanská demokratická strana","ODS",1,1,45.4797629554911,44.3,55.8567645946287,1
2006,4213,"Teplice",40.43,53,"Občanská demokratická strana","ODS",1,1,48.4888462461022,49.47,59.330774766131,1
2006,4214,"Ústí nad Labem",40.37,53,"Občanská demokratická strana","ODS",1,1,48.4983181162902,48.14,57.8327727054301,1
2006,4215,"Varnsdorf",37.22,7,"Česká strana sociálně demokratická","ČSSD",0,0,47.3597149764601,41.37,52.6402850235399,1
2006,4216,"Žatec",36.04,7,"Česká strana sociálně demokratická","ČSSD",0,0,46.2703813069714,41.85,53.7296186930286,1
2006,5101,"Česká Lípa",36.2,53,"Občanská demokratická strana","ODS",1,1,43.7567992263991,49.29,59.5793545267738,1
2006,5102,"Frýdlant",33.97,7,"Česká strana sociálně demokratická","ČSSD",0,0,41.5484344422701,47.79,58.4515655577299,1
2006,5103,"Jablonec nad Nisou",45.04,53,"Občanská demokratická strana","ODS",1,1,52.5922466137319,58.51,68.3208780943484,1
2006,5104,"Jilemnice",39.77,53,"Občanská demokratická strana","ODS",1,1,48.9597439369691,56.12,69.0877754524191,1
2006,5105,"Liberec",40.44,53,"Občanská demokratická strana","ODS",1,1,47.2816555594528,56.36,65.8950075996726,1
2006,5106,"Nový Bor",43.42,53,"Občanská demokratická strana","ODS",1,1,51.4820962769742,54.88,65.0699549442732,1
2006,5107,"Semily",36.23,53,"Občanská demokratická strana","ODS",1,1,44.7063178677196,50.47,62.2778874629813,1
2006,5108,"Tanvald",37.03,53,"Občanská demokratická strana","ODS",1,1,46.2932866608326,48.76,60.9576197024628,1
2006,5109,"Turnov",43.98,53,"Občanská demokratická strana","ODS",1,1,51.7533537302895,58.74,69.1221463873853,1
2006,5110,"Železný Brod",45.41,53,"Občanská demokratická strana","ODS",1,1,54.6384309950668,58.36,70.2201901094934,1
2006,5201,"Broumov",33.83,7,"Česká strana sociálně demokratická","ČSSD",0,0,43.1340048450848,44.6,56.8659951549152,1
2006,5202,"Dobruška",33.34,7,"Česká strana sociálně demokratická","ČSSD",0,0,41.55552785741,46.89,58.44447214259,1
2006,5203,"Dvůr Králové nad Labem",41.49,53,"Občanská demokratická strana","ODS",1,1,49.9578567128236,52.84,63.6243226971704,1
2006,5204,"Hořice",38.51,53,"Občanská demokratická strana","ODS",1,1,47.5080187515421,51.52,63.5578583765112,1
2006,5205,"Hradec Králové",41.58,53,"Občanská demokratická strana","ODS",1,1,49.7606510292006,53.92,64.5284825275251,1
2006,5206,"Jaroměř",35.51,53,"Občanská demokratická strana","ODS",1,1,44.6442041740005,47.48,59.6932361076188,1
2006,5207,"Jičín",38.91,53,"Občanská demokratická strana","ODS",1,1,47.5033573434257,50.23,61.3234037358076,1
2006,5208,"Kostelec nad Orlicí",39.48,53,"Občanská demokratická strana","ODS",1,1,48.0701327164252,52.57,64.0082795568002,1
2006,5209,"Náchod",39.36,53,"Občanská demokratická strana","ODS",1,1,46.5633502898379,55.21,65.3140896723057,1
2006,5210,"Nová Paka",40.17,53,"Občanská demokratická strana","ODS",1,1,47.5384615384615,53.62,63.4556213017752,1
2006,5211,"Nové Město nad Metují",40.01,53,"Občanská demokratická strana","ODS",1,1,47.8474049270509,55.97,66.9337479071992,1
2006,5212,"Nový Bydžov",34.86,7,"Česká strana sociálně demokratická","ČSSD",0,0,43.6513899323817,45,56.3486100676183,1
2006,5213,"Rychnov nad Kněžnou",34.18,53,"Občanská demokratická strana","ODS",1,1,42.6131405061713,48.37,60.3042014711383,1
2006,5214,"Trutnov",40.7,53,"Občanská demokratická strana","ODS",1,1,49.2080764115585,52.03,62.9065409261274,1
2006,5215,"Vrchlabí",43.92,53,"Občanská demokratická strana","ODS",1,1,52.466849838729,56.9,67.9727631107395,1
2006,5301,"Česká Třebová",39.96,7,"Česká strana sociálně demokratická","ČSSD",0,0,46.3949843260188,46.17,53.6050156739812,1
2006,5302,"Hlinsko",34.79,7,"Česká strana sociálně demokratická","ČSSD",0,0,43.0889274213525,45.95,56.9110725786475,1
2006,5303,"Holice",37.76,53,"Občanská demokratická strana","ODS",1,1,45.3846153846154,49.63,59.6514423076923,1
2006,5304,"Chrudim",37.92,53,"Občanská demokratická strana","ODS",1,1,46.5561694290976,50.3,61.755678330264,1
2006,5305,"Králíky",37.8,7,"Česká strana sociálně demokratická","ČSSD",0,0,48.5175202156334,40.11,51.4824797843666,1
2006,5306,"Lanškroun",38.73,53,"Občanská demokratická strana","ODS",1,1,45.1819878674755,51.75,60.3709752683154,1
2006,5307,"Litomyšl",38.56,53,"Občanská demokratická strana","ODS",1,1,44.9469635155613,57.86,67.4437580137545,1
2006,5308,"Moravská Třebová",40.6,7,"Česká strana sociálně demokratická","ČSSD",0,0,51.2044393996721,38.69,48.7955606003279,0
2006,5309,"Pardubice",40.29,53,"Občanská demokratická strana","ODS",1,1,48.8482056256062,50.78,61.5664403491756,1
2006,5310,"Polička",36.84,53,"Občanská demokratická strana","ODS",1,1,44.2682047584715,53.04,63.7346791636626,1
2006,5311,"Přelouč",35.41,7,"Česká strana sociálně demokratická","ČSSD",0,0,43.479862475442,46.03,56.520137524558,1
2006,5312,"Svitavy",39.89,7,"Česká strana sociálně demokratická","ČSSD",0,0,48.7057387057387,42.01,51.2942612942613,1
2006,5313,"Ústí nad Orlicí",37.31,53,"Občanská demokratická strana","ODS",1,1,44.4749076171177,52.27,62.3077840028609,1
2006,5314,"Vysoké Mýto",36.79,53,"Občanská demokratická strana","ODS",1,1,43.50756859035,52.78,62.4172185430464,1
2006,5315,"Žamberk",43.52,53,"Občanská demokratická strana","ODS",1,1,50.4989556741703,59.16,68.6470178695753,1
2006,6101,"Bystřice nad Pernštejnem",48.05,7,"Česká strana sociálně demokratická","ČSSD",0,0,58.3910560213878,34.24,41.6089439786122,0
2006,6102,"Havlíčkův Brod",34.91,7,"Česká strana sociálně demokratická","ČSSD",0,0,43.4366056986438,45.46,56.5633943013562,1
2006,6103,"Humpolec",33.16,7,"Česká strana sociálně demokratická","ČSSD",0,0,41.6844751728473,46.39,58.3155248271527,1
2006,6104,"Chotěboř",35.44,7,"Česká strana sociálně demokratická","ČSSD",0,0,42.9003752572328,47.17,57.0996247427672,1
2006,6105,"Jihlava",34.65,53,"Občanská demokratická strana","ODS",1,1,41.9389978213508,49.3,59.6707818930041,1
2006,6106,"Moravské Budějovice",34.2,7,"Česká strana sociálně demokratická","ČSSD",0,0,44.3062572872134,42.99,55.6937427127866,1
2006,6107,"Náměšť nad Oslavou",40.12,7,"Česká strana sociálně demokratická","ČSSD",0,0,51.3240373544838,38.05,48.6759626455162,0
2006,6108,"Nové Město na Moravě",38.23,7,"Česká strana sociálně demokratická","ČSSD",0,0,45.7679875493834,45.3,54.2320124506165,1
2006,6109,"Pacov",35.5,7,"Česká strana sociálně demokratická","ČSSD",0,0,44.0064460146275,45.17,55.9935539853725,1
2006,6110,"Pelhřimov",36.2,53,"Občanská demokratická strana","ODS",1,1,42.6735824590357,50.96,60.0730873511729,1
2006,6111,"Světlá nad Sázavou",33.45,7,"Česká strana sociálně demokratická","ČSSD",0,0,43.000385653683,44.34,56.999614346317,1
2006,6112,"Telč",32.74,53,"Občanská demokratická strana","ODS",1,1,40.4697156983931,52,64.2768850432633,1
2006,6113,"Třebíč",34.33,7,"Česká strana sociálně demokratická","ČSSD",0,0,42.9769654481723,45.55,57.0230345518277,1
2006,6114,"Velké Meziříčí",38.28,7,"Česká strana sociálně demokratická","ČSSD",0,0,46.2765957446809,44.44,53.7234042553192,1
2006,6115,"Žďár nad Sázavou",37.8,7,"Česká strana sociálně demokratická","ČSSD",0,0,45.6466610312764,45.01,54.3533389687236,1
2006,6201,"Blansko",36.54,7,"Česká strana sociálně demokratická","ČSSD",0,0,45.7894736842105,43.26,54.2105263157895,1
2006,6202,"Boskovice",38.67,7,"Česká strana sociálně demokratická","ČSSD",0,0,45.8501304244724,45.67,54.1498695755276,1
2006,6203,"Brno",37.74,53,"Občanská demokratická strana","ODS",1,1,43.9911411586432,54.78,63.8535959902086,1
2006,6204,"Břeclav",33.46,53,"Občanská demokratická strana","ODS",1,1,42.0087884494664,46.64,58.556183301946,1
2006,6205,"Bučovice",39.78,7,"Česká strana sociálně demokratická","ČSSD",0,0,51.4884804556044,37.48,48.5115195443955,0
2006,6206,"Hodonín",35.91,7,"Česká strana sociálně demokratická","ČSSD",0,0,45.4729644168672,43.06,54.5270355831328,1
2006,6207,"Hustopeče",35.42,53,"Občanská demokratická strana","ODS",1,1,43.200390291499,51.42,62.7149652396634,1
2006,6208,"Ivančice",30.26,7,"Česká strana sociálně demokratická","ČSSD",0,0,42.6017175841194,40.77,57.3982824158806,1
2006,6209,"Kuřim",35.62,53,"Občanská demokratická strana","ODS",1,1,43.1234866828087,47.97,58.0750605326877,1
2006,6210,"Kyjov",33.83,7,"Česká strana sociálně demokratická","ČSSD",0,0,41.8377442493198,47.03,58.1622557506802,1
2006,6211,"Mikulov",32.57,53,"Občanská demokratická strana","ODS",1,1,43.8653198653199,44.32,59.6902356902357,1
2006,6212,"Moravský Krumlov",32.87,7,"Česká strana sociálně demokratická","ČSSD",0,0,43.2443099592159,43.14,56.7556900407841,1
2006,6213,"Pohořelice",32.57,7,"Česká strana sociálně demokratická","ČSSD",0,0,45.8474099099099,38.47,54.1525900900901,1
2006,6214,"Rosice",32,53,"Občanská demokratická strana","ODS",1,1,41.3009808982963,45.69,58.9700567888487,1
2006,6215,"Slavkov u Brna",34.41,7,"Česká strana sociálně demokratická","ČSSD",0,0,41.0424618320611,49.43,58.9575381679389,1
2006,6216,"Šlapanice",34.76,53,"Občanská demokratická strana","ODS",1,1,40.607476635514,56.21,65.6658878504673,1
2006,6217,"Tišnov",35.72,7,"Česká strana sociálně demokratická","ČSSD",0,0,43.2288515067167,46.91,56.7711484932833,1
2006,6218,"Veselí nad Moravou",36.95,7,"Česká strana sociálně demokratická","ČSSD",0,0,45.8322996774994,43.67,54.1677003225006,1
2006,6219,"Vyškov",41.19,7,"Česká strana sociálně demokratická","ČSSD",0,0,51.7592359889419,38.39,48.2407640110581,0
2006,6220,"Znojmo",34.2,7,"Česká strana sociálně demokratická","ČSSD",0,0,44.577685088634,42.52,55.422314911366,1
2006,6221,"Židlochovice",34.59,53,"Občanská demokratická strana","ODS",1,1,42.6405325443787,48.75,60.0961538461538,1
2006,7101,"Hranice",34.83,53,"Občanská demokratická strana","ODS",1,1,43.3802466060531,48.54,60.4558475526218,1
2006,7102,"Jeseník",35.23,7,"Česká strana sociálně demokratická","ČSSD",0,0,44.549822964087,43.85,55.450177035913,1
2006,7103,"Konice",39.63,7,"Česká strana sociálně demokratická","ČSSD",0,0,48.0713245997089,42.81,51.9286754002911,1
2006,7104,"Lipník nad Bečvou",34.56,7,"Česká strana sociálně demokratická","ČSSD",0,0,43.719165085389,44.49,56.280834914611,1
2006,7105,"Litovel",41.67,7,"Česká strana sociálně demokratická","ČSSD",0,0,52.4282838449924,37.81,47.5717161550076,0
2006,7106,"Mohelnice",35.41,7,"Česká strana sociálně demokratická","ČSSD",0,0,46.9317428760769,40.04,53.0682571239231,1
2006,7107,"Olomouc",36.25,53,"Občanská demokratická strana","ODS",1,1,42.7728613569322,50.54,59.6342182890856,1
2006,7108,"Prostějov",36.57,7,"Česká strana sociálně demokratická","ČSSD",0,0,43.943763518385,46.65,56.056236481615,1
2006,7109,"Přerov",39.46,7,"Česká strana sociálně demokratická","ČSSD",0,0,48.8003957457334,41.4,51.1996042542666,1
2006,7110,"Šternberk",35.2,7,"Česká strana sociálně demokratická","ČSSD",0,0,43.1002816211583,46.47,56.8997183788417,1
2006,7111,"Šumperk",37.96,53,"Občanská demokratická strana","ODS",1,1,45.9731137216907,48.4,58.6169310887732,1
2006,7112,"Uničov",36.74,7,"Česká strana sociálně demokratická","ČSSD",0,0,46.5770791075051,42.14,53.4229208924949,1
2006,7113,"Zábřeh",36.17,7,"Česká strana sociálně demokratická","ČSSD",0,0,44.9651914470413,44.27,55.0348085529587,1
2006,7201,"Bystřice pod Hostýnem",35.26,7,"Česká strana sociálně demokratická","ČSSD",0,0,42.1619036231018,48.37,57.8380963768982,1
2006,7202,"Holešov",36.8,7,"Česká strana sociálně demokratická","ČSSD",0,0,46.3126101182985,42.66,53.6873898817015,1
2006,7203,"Kroměříž",35.05,7,"Česká strana sociálně demokratická","ČSSD",0,0,42.665855143031,47.1,57.334144856969,1
2006,7204,"Luhačovice",34.13,53,"Občanská demokratická strana","ODS",1,1,40.1340545625588,51.14,60.1364063969897,1
2006,7205,"Otrokovice",39.91,7,"Česká strana sociálně demokratická","ČSSD",0,0,47.4046798907234,44.28,52.5953201092766,1
2006,7206,"Rožnov pod Radhoštěm",41.43,53,"Občanská demokratická strana","ODS",1,1,46.587203418419,61,68.5932756100304,1
2006,7207,"Uherské Hradiště",35.25,53,"Občanská demokratická strana","ODS",1,1,42.2712555462286,50.97,61.1224367430148,1
2006,7208,"Uherský Brod",34.03,7,"Česká strana sociálně demokratická","ČSSD",0,0,39.9319408589533,51.19,60.0680591410467,1
2006,7209,"Valašské Klobouky",34.98,7,"Česká strana sociálně demokratická","ČSSD",0,0,41.3670766319773,49.58,58.6329233680227,1
2006,7210,"Valašské Meziříčí",36.65,53,"Občanská demokratická strana","ODS",1,1,42.9861599812339,52.21,61.2362186253812,1
2006,7211,"Vizovice",39.09,53,"Občanská demokratická strana","ODS",1,1,45.3638157131252,59.58,69.1423929441801,1
2006,7212,"Vsetín",38.06,53,"Občanská demokratická strana","ODS",1,1,45.3959923664122,51.95,61.9632633587786,1
2006,7213,"Zlín",41,53,"Občanská demokratická strana","ODS",1,1,48.0374926772115,54.71,64.1007615700059,1
2006,8101,"Bílovec",36.58,7,"Česká strana sociálně demokratická","ČSSD",0,0,47.5620855545443,40.33,52.4379144454557,1
2006,8102,"Bohumín",47,7,"Česká strana sociálně demokratická","ČSSD",0,0,58.5305105853051,33.3,41.4694894146949,0
2006,8103,"Bruntál",36.76,7,"Česká strana sociálně demokratická","ČSSD",0,0,50.2803993981672,36.35,49.7196006018329,0
2006,8104,"Český Těšín",40.69,7,"Česká strana sociálně demokratická","ČSSD",0,0,49.8529772114678,40.93,50.1470227885322,1
2006,8105,"Frenštát pod Radhoštěm",36.75,53,"Občanská demokratická strana","ODS",1,1,44.8882374496152,49.24,60.144130939294,1
2006,8106,"Frýdek-Místek",41.9,7,"Česká strana sociálně demokratická","ČSSD",0,0,50.6466819775172,40.83,49.3533180224828,0
2006,8107,"Frýdlant nad Ostravicí",38.29,7,"Česká strana sociálně demokratická","ČSSD",0,0,46.4515346354483,44.14,53.5484653645517,1
2006,8108,"Havířov",47.22,7,"Česká strana sociálně demokratická","ČSSD",0,0,60.577293136626,30.73,39.422706863374,0
2006,8109,"Hlučín",41.52,7,"Česká strana sociálně demokratická","ČSSD",0,0,49.7782040522719,41.89,50.2217959477281,1
2006,8110,"Jablunkov",40.81,7,"Česká strana sociálně demokratická","ČSSD",0,0,48.4736904620501,43.38,51.5263095379499,1
2006,8111,"Karviná",52.83,7,"Česká strana sociálně demokratická","ČSSD",0,0,68.2205578512397,24.61,31.7794421487603,0
2006,8112,"Kopřivnice",35.98,7,"Česká strana sociálně demokratická","ČSSD",0,0,43.8887533544767,46,56.1112466455233,1
2006,8113,"Kravaře",35.9,53,"Občanská demokratická strana","ODS",1,1,41.1272768931149,53.68,61.4961622178944,1
2006,8114,"Krnov",40.76,7,"Česká strana sociálně demokratická","ČSSD",0,0,50.1785054782716,40.47,49.8214945217284,0
2006,8115,"Nový Jičín",34.32,7,"Česká strana sociálně demokratická","ČSSD",0,0,41.5144550622959,48.35,58.4855449377041,1
2006,8116,"Odry",36.43,7,"Česká strana sociálně demokratická","ČSSD",0,0,45.588787385809,43.48,54.411212614191,1
2006,8117,"Opava",37.56,7,"Česká strana sociálně demokratická","ČSSD",0,0,45.1496574107465,45.63,54.8503425892535,1
2006,8118,"Orlová",50.71,7,"Česká strana sociálně demokratická","ČSSD",0,0,66.8820891585334,25.11,33.1179108414666,0
2006,8119,"Ostrava",39.64,7,"Česká strana sociálně demokratická","ČSSD",0,0,49.1323748140803,41.04,50.8676251859197,1
2006,8120,"Rýmařov",39.84,7,"Česká strana sociálně demokratická","ČSSD",0,0,50.2839833396441,39.39,49.7160166603559,0
2006,8121,"Třinec",45.14,7,"Česká strana sociálně demokratická","ČSSD",0,0,54.2026897214217,38.14,45.7973102785783,0
2006,8122,"Vítkov",35.67,7,"Česká strana sociálně demokratická","ČSSD",0,0,49.8114788437369,35.94,50.1885211562631,1
2010,2101,"Benešov",24.92,53,"Občanská demokratická strana","ODS",0,1,29.6843359142347,52.09,62.0488385944014,1
2010,2102,"Beroun",23.41,53,"Občanská demokratická strana","ODS",0,1,27.5638761332862,55.15,64.9358295066525,1
2010,2103,"Brandýs nad Labem-Stará Boleslav",26.24,53,"Občanská demokratická strana","ODS",0,1,30.7259953161592,60.15,70.4332552693208,1
2010,2104,"Čáslav",31.24,7,"Česká strana sociálně demokratická","ČSSD",1,0,37.0054489457474,40.36,47.8085761667851,0
2010,2105,"Černošice",36.46,721,"TOP 09","TOP 09",0,1,42.0191310360724,72.92,84.0382620721447,1
2010,2106,"Český Brod",26.53,53,"Občanská demokratická strana","ODS",0,1,32.2867226481684,56.29,68.5043203115492,1
2010,2107,"Dobříš",25.24,53,"Občanská demokratická strana","ODS",0,1,30.029744199881,54.38,64.6995835812017,1
2010,2108,"Hořovice",24.34,53,"Občanská demokratická strana","ODS",0,1,28.8764978051963,48.02,56.9699845770554,1
2010,2109,"Kladno",23.01,7,"Česká strana sociálně demokratická","ČSSD",1,0,27.2372159090909,48.98,57.9782196969697,1
2010,2110,"Kolín",24.43,7,"Česká strana sociálně demokratická","ČSSD",1,0,29.1388358778626,48.94,58.3730916030534,1
2010,2111,"Kralupy nad Vltavou",23.36,53,"Občanská demokratická strana","ODS",0,1,28.033121324853,52.51,63.0145205808232,1
2010,2112,"Kutná Hora",23.73,53,"Občanská demokratická strana","ODS",0,1,28.7985436893204,48.18,58.4708737864078,1
2010,2113,"Lysá nad Labem",25.71,53,"Občanská demokratická strana","ODS",0,1,30.979636100735,56.86,68.5142788287746,1
2010,2114,"Mělník",26.69,53,"Občanská demokratická strana","ODS",0,1,31.9143847901471,54.92,65.6702140380246,1
2010,2115,"Mladá Boleslav",27.03,53,"Občanská demokratická strana","ODS",0,1,31.7589002467395,54.18,63.6587945012337,1
2010,2116,"Mnichovo Hradiště",24.78,53,"Občanská demokratická strana","ODS",0,1,29.4964885132722,53.44,63.6114748244257,1
2010,2117,"Neratovice",22.42,53,"Občanská demokratická strana","ODS",0,1,27.1592973955179,53.15,64.3852210781345,1
2010,2118,"Nymburk",23.12,7,"Česká strana sociálně demokratická","ČSSD",1,0,27.7484397503601,50.61,60.741718674988,1
2010,2119,"Poděbrady",29.5,53,"Občanská demokratická strana","ODS",0,1,34.5635618043351,60.83,71.2712360867018,1
2010,2120,"Příbram",24.7,7,"Česká strana sociálně demokratická","ČSSD",1,0,29.8814420517784,46.65,56.43600290346,1
2010,2121,"Rakovník",24.05,7,"Česká strana sociálně demokratická","ČSSD",1,0,28.2409581963363,47.56,55.8478158759981,1
2010,2122,"Říčany",29.8,721,"TOP 09","TOP 09",0,1,34.768405086921,67.53,78.7889394469723,1
2010,2123,"Sedlčany",27.97,53,"Občanská demokratická strana","ODS",0,1,34.3865256946152,52.51,64.5561839193509,1
2010,2124,"Slaný",24.01,53,"Občanská demokratická strana","ODS",0,1,28.5595337218984,49.96,59.4266682526466,1
2010,2125,"Vlašim",25.45,7,"Česká strana sociálně demokratická","ČSSD",1,0,30.4899964058943,46.43,55.6247753683958,1
2010,2126,"Votice",27,7,"Česká strana sociálně demokratická","ČSSD",1,0,32.9509397119844,43.94,53.6246033683183,1
2010,3101,"Blatná",24.76,7,"Česká strana sociálně demokratická","ČSSD",1,0,29.4621608757734,48.04,57.163255592575,1
2010,3102,"České Budějovice",23.31,53,"Občanská demokratická strana","ODS",0,1,28.0100937274694,54.05,64.9483297284307,1
2010,3103,"Český Krumlov",22.46,53,"Občanská demokratická strana","ODS",0,1,27.1715460924268,52.73,63.7914347931285,1
2010,3104,"Dačice",20.24,7,"Česká strana sociálně demokratická","ČSSD",1,0,26.0690365790829,41.09,52.923750643998,1
2010,3105,"Jindřichův Hradec",22.28,7,"Česká strana sociálně demokratická","ČSSD",1,0,26.3793511721525,48.44,57.3525929434052,1
2010,3106,"Kaplice",22.21,7,"Česká strana sociálně demokratická","ČSSD",1,0,26.5447591729413,47.61,56.9021154535676,1
2010,3107,"Milevsko",23.21,53,"Občanská demokratická strana","ODS",0,1,27.5065181322588,49.17,58.2721023939322,1
2010,3108,"Písek",24.11,53,"Občanská demokratická strana","ODS",0,1,28.8466140224934,51.35,61.4381430964346,1
2010,3109,"Prachatice",23.79,7,"Česká strana sociálně demokratická","ČSSD",1,0,28.7805468182918,47.37,57.3070408903944,1
2010,3110,"Soběslav",23.72,7,"Česká strana sociálně demokratická","ČSSD",1,0,28.2380952380952,46.42,55.2619047619048,1
2010,3111,"Strakonice",23.39,7,"Česká strana sociálně demokratická","ČSSD",1,0,28.0859750240154,48.51,58.2492795389049,1
2010,3112,"Tábor",23.33,53,"Občanská demokratická strana","ODS",0,1,27.4632136550912,52.05,61.2713360800471,1
2010,3113,"Trhové Sviny",20.78,7,"Česká strana sociálně demokratická","ČSSD",1,0,25.4938044411729,46.34,56.8519200098147,1
2010,3114,"Třeboň",23.38,53,"Občanská demokratická strana","ODS",0,1,28,52.22,62.5389221556886,1
2010,3115,"Týn nad Vltavou",19.75,7,"Česká strana sociálně demokratická","ČSSD",1,0,23.8872762457668,50.58,61.1756168359942,1
2010,3116,"Vimperk",22.92,7,"Česká strana sociálně demokratická","ČSSD",1,0,27.6410998552822,45.8,55.2339604438012,1
2010,3117,"Vodňany",22.62,53,"Občanská demokratická strana","ODS",0,1,27.7511961722488,50.67,62.1641516378359,1
2010,3201,"Blovice",23.12,53,"Občanská demokratická strana","ODS",0,1,27.2,48.98,57.6235294117647,1
2010,3202,"Domažlice",25.44,7,"Česká strana sociálně demokratická","ČSSD",1,0,30.437903804738,45.49,54.4268963866954,1
2010,3203,"Horažďovice",26.16,7,"Česká strana sociálně demokratická","ČSSD",1,0,32.1375921375921,43.54,53.4889434889435,1
2010,3204,"Horšovský Týn",22.69,53,"Občanská demokratická strana","ODS",0,1,27.6370280146163,43.26,52.6918392204629,1
2010,3205,"Klatovy",22.72,53,"Občanská demokratická strana","ODS",0,1,26.8462720075623,50.63,59.8251211154437,1
2010,3206,"Kralovice",22.43,7,"Česká strana sociálně demokratická","ČSSD",1,0,28.0620542975103,41.96,52.4959339421994,1
2010,3207,"Nepomuk",21.59,7,"Česká strana sociálně demokratická","ČSSD",1,0,26.7866004962779,45.34,56.2531017369727,1
2010,3208,"Nýřany",24.42,7,"Česká strana sociálně demokratická","ČSSD",1,0,29.6899696048632,44.81,54.4802431610942,1
2010,3209,"Plzeň",23.67,53,"Občanská demokratická strana","ODS",0,1,28.597317868793,53.63,64.7940074906367,1
2010,3210,"Přeštice",23.27,7,"Česká strana sociálně demokratická","ČSSD",1,0,27.7089783281734,48.81,58.1209811859967,1
2010,3211,"Rokycany",23.08,53,"Občanská demokratická strana","ODS",0,1,28.2082620386214,48.97,59.8508922023955,1
2010,3212,"Stod",24.33,7,"Česká strana sociálně demokratická","ČSSD",1,0,29.267412486467,44.84,53.9396126548779,1
2010,3213,"Stříbro",23.97,7,"Česká strana sociálně demokratická","ČSSD",1,0,28.7997116424366,45.59,54.7759221434579,1
2010,3214,"Sušice",23.16,53,"Občanská demokratická strana","ODS",0,1,27.8968923151048,49.42,59.5278246205734,1
2010,3215,"Tachov",25.16,7,"Česká strana sociálně demokratická","ČSSD",1,0,30.0813008130081,42.83,51.207556193209,1
2010,4101,"Aš",24.67,7,"Česká strana sociálně demokratická","ČSSD",1,0,30.1995348267842,40.13,49.1247398702412,0
2010,4102,"Cheb",26.19,7,"Česká strana sociálně demokratická","ČSSD",1,0,32.3213624583488,39.04,48.1796865358509,0
2010,4103,"Karlovy Vary",22.11,721,"TOP 09","TOP 09",0,1,26.5012585400935,53.76,64.4372527867673,1
2010,4104,"Kraslice",22.67,7,"Česká strana sociálně demokratická","ČSSD",1,0,27.4721279689772,46.88,56.8104701890451,1
2010,4105,"Mariánské Lázně",25.15,53,"Občanská demokratická strana","ODS",0,1,30.1703454894434,55.08,66.0748560460652,1
2010,4106,"Ostrov",22.88,7,"Česká strana sociálně demokratická","ČSSD",1,0,27.579556412729,48.46,58.4136933461909,1
2010,4107,"Sokolov",26.98,7,"Česká strana sociálně demokratická","ČSSD",1,0,32.0656049441407,43.42,51.6044687425719,1
2010,4201,"Bílina",26.46,7,"Česká strana sociálně demokratická","ČSSD",1,0,32.796232027764,38.76,48.0416460089241,0
2010,4202,"Děčín",26.26,7,"Česká strana sociálně demokratická","ČSSD",1,0,31.9931773879142,45.54,55.4824561403509,1
2010,4203,"Chomutov",28.82,7,"Česká strana sociálně demokratická","ČSSD",1,0,35.0395136778115,39.61,48.1580547112462,0
2010,4204,"Kadaň",28.11,7,"Česká strana sociálně demokratická","ČSSD",1,0,33.5241502683363,44.88,53.5241502683363,1
2010,4205,"Litoměřice",23.69,53,"Občanská demokratická strana","ODS",0,1,28.8094369451538,49.91,60.6956098747416,1
2010,4206,"Litvínov",23.71,7,"Česká strana sociálně demokratická","ČSSD",1,0,28.7707802451159,43.67,52.991141851717,1
2010,4207,"Louny",24.53,7,"Česká strana sociálně demokratická","ČSSD",1,0,29.9951088285644,43.86,53.6316947909024,1
2010,4208,"Lovosice",25.59,7,"Česká strana sociálně demokratická","ČSSD",1,0,31.6786333250805,42.67,52.8224808120822,1
2010,4209,"Most",26.88,7,"Česká strana sociálně demokratická","ČSSD",1,0,34.3514376996805,38.04,48.6134185303514,0
2010,4210,"Podbořany",26.74,7,"Česká strana sociálně demokratická","ČSSD",1,0,32.8541589875906,33.91,41.6635950362452,0
2010,4211,"Roudnice nad Labem",23.9,53,"Občanská demokratická strana","ODS",0,1,28.6330418114293,51.24,61.3873247873488,1
2010,4212,"Rumburk",24.17,7,"Česká strana sociálně demokratická","ČSSD",1,0,29.902264010887,43.72,54.0888284052951,1
2010,4213,"Teplice",23.01,7,"Česká strana sociálně demokratická","ČSSD",1,0,28.1605678619508,49.21,60.2251866356627,1
2010,4214,"Ústí nad Labem",23.44,7,"Česká strana sociálně demokratická","ČSSD",1,0,28.7536800785083,46.97,57.6177625122669,1
2010,4215,"Varnsdorf",24.96,7,"Česká strana sociálně demokratická","ČSSD",1,0,31.7194052611514,41.16,52.306519252764,1
2010,4216,"Žatec",24.33,7,"Česká strana sociálně demokratická","ČSSD",1,0,29.9889066929619,41.45,51.0908418587452,1
2010,5101,"Česká Lípa",23.35,7,"Česká strana sociálně demokratická","ČSSD",1,0,28.5557050262933,46.35,56.683380212792,1
2010,5102,"Frýdlant",22.41,7,"Česká strana sociálně demokratická","ČSSD",1,0,27.914798206278,45.97,57.2620827105132,1
2010,5103,"Jablonec nad Nisou",25.07,53,"Občanská demokratická strana","ODS",0,1,29.4145254018538,59.68,70.0222926199695,1
2010,5104,"Jilemnice",23.48,53,"Občanská demokratická strana","ODS",0,1,29.4641736729828,55.64,69.8205546492659,1
2010,5105,"Liberec",23.07,721,"TOP 09","TOP 09",0,1,27.6353617632966,56.75,67.9803545759463,1
2010,5106,"Nový Bor",21.37,53,"Občanská demokratická strana","ODS",0,1,26.0324034596175,51.4,62.614203922524,1
2010,5107,"Semily",22.65,721,"TOP 09","TOP 09",0,1,27.0512361160874,53.44,63.824196823122,1
2010,5108,"Tanvald",22.39,7,"Česká strana sociálně demokratická","ČSSD",1,0,27.9875,44.83,56.0375,1
2010,5109,"Turnov",25.04,53,"Občanská demokratická strana","ODS",0,1,30.3331314354936,58.71,71.1205330102968,1
2010,5110,"Železný Brod",30.37,721,"TOP 09","TOP 09",0,1,35.9834123222749,59.96,71.042654028436,1
2010,5201,"Broumov",23.89,7,"Česká strana sociálně demokratická","ČSSD",1,0,30.9375809375809,42.81,55.4390054390054,1
2010,5202,"Dobruška",20.15,7,"Česká strana sociálně demokratická","ČSSD",1,0,25.4579911560328,47.55,60.0758054327227,1
2010,5203,"Dvůr Králové nad Labem",24.37,53,"Občanská demokratická strana","ODS",0,1,28.536299765808,55.96,65.5269320843091,1
2010,5204,"Hořice",22.1,53,"Občanská demokratická strana","ODS",0,1,25.9847148736038,55.91,65.7378012933569,1
2010,5205,"Hradec Králové",25.42,721,"TOP 09","TOP 09",0,1,30.1470588235294,55.54,65.8681214421252,1
2010,5206,"Jaroměř",20.95,7,"Česká strana sociálně demokratická","ČSSD",1,0,25.9121830550402,47.87,59.2084106369821,1
2010,5207,"Jičín",20.19,721,"TOP 09","TOP 09",0,1,23.683284457478,54.4,63.8123167155425,1
2010,5208,"Kostelec nad Orlicí",22.21,53,"Občanská demokratická strana","ODS",0,1,26.5606314278881,50.85,60.8108108108108,1
2010,5209,"Náchod",20.93,53,"Občanská demokratická strana","ODS",0,1,25.6181150550796,54.61,66.8421052631579,1
2010,5210,"Nová Paka",28.63,721,"TOP 09","TOP 09",0,1,33.7896848813879,57.68,68.0750619615248,1
2010,5211,"Nové Město nad Metují",23.42,53,"Občanská demokratická strana","ODS",0,1,28.1659651232712,58.16,69.9458809380637,1
2010,5212,"Nový Bydžov",23.3,7,"Česká strana sociálně demokratická","ČSSD",1,0,28.2082324455206,46.84,56.7070217917676,1
2010,5213,"Rychnov nad Kněžnou",20.81,7,"Česká strana sociálně demokratická","ČSSD",1,0,25.5243468661842,49.5,60.7138476634368,1
2010,5214,"Trutnov",23.75,53,"Občanská demokratická strana","ODS",0,1,28.3514384624567,53.2,63.5072221559031,1
2010,5215,"Vrchlabí",22.98,53,"Občanská demokratická strana","ODS",0,1,27.5407478427613,59.34,71.1169702780441,1
2010,5301,"Česká Třebová",26.66,7,"Česká strana sociálně demokratická","ČSSD",1,0,31.8670810423141,49.25,58.869232608176,1
2010,5302,"Hlinsko",27.75,7,"Česká strana sociálně demokratická","ČSSD",1,0,35.5359200922013,37.19,47.6245357920348,0
2010,5303,"Holice",22.23,7,"Česká strana sociálně demokratická","ČSSD",1,0,27.0470860201971,50.19,61.0658230928337,1
2010,5304,"Chrudim",22.29,53,"Občanská demokratická strana","ODS",0,1,27.3027927486526,50.89,62.3346398824106,1
2010,5305,"Králíky",26.87,7,"Česká strana sociálně demokratická","ČSSD",1,0,32.9369943613631,37.81,46.3471439078205,0
2010,5306,"Lanškroun",22.9,53,"Občanská demokratická strana","ODS",0,1,28.1257676246622,51.15,62.822402358143,1
2010,5307,"Litomyšl",25.2,53,"Občanská demokratická strana","ODS",0,1,31.4685314685315,55.86,69.7552447552448,1
2010,5308,"Moravská Třebová",30.18,7,"Česká strana sociálně demokratická","ČSSD",1,0,36.3045831829664,37.65,45.2905088415734,0
2010,5309,"Pardubice",22.28,53,"Občanská demokratická strana","ODS",0,1,26.8627923800338,53.04,63.9498432601881,1
2010,5310,"Polička",25.24,53,"Občanská demokratická strana","ODS",0,1,32.1569626704039,47.31,60.2751942922665,1
2010,5311,"Přelouč",22.67,7,"Česká strana sociálně demokratická","ČSSD",1,0,27.7648499693815,47.22,57.8322106552358,1
2010,5312,"Svitavy",27.96,7,"Česká strana sociálně demokratická","ČSSD",1,0,33.4569821706354,42.53,50.8914682302262,1
2010,5313,"Ústí nad Orlicí",21.95,53,"Občanská demokratická strana","ODS",0,1,27.0187099950763,50.79,62.5184638109306,1
2010,5314,"Vysoké Mýto",21.77,53,"Občanská demokratická strana","ODS",0,1,27.0132770815238,52.25,64.8343466931381,1
2010,5315,"Žamberk",23.15,53,"Občanská demokratická strana","ODS",0,1,28.8401644449981,55.56,69.2163946679955,1
2010,6101,"Bystřice nad Pernštejnem",33.25,7,"Česká strana sociálně demokratická","ČSSD",1,0,42.9087624209575,31.3,40.3923086849916,0
2010,6102,"Havlíčkův Brod",23.34,7,"Česká strana sociálně demokratická","ČSSD",1,0,28.1815986476696,46.08,55.6387346051678,1
2010,6103,"Humpolec",24.5,7,"Česká strana sociálně demokratická","ČSSD",1,0,29.1285221733444,44.81,53.2754725954108,1
2010,6104,"Chotěboř",24.64,7,"Česká strana sociálně demokratická","ČSSD",1,0,30.5252725470763,43.9,54.3855302279485,1
2010,6105,"Jihlava",21.5,7,"Česká strana sociálně demokratická","ČSSD",1,0,26.1461753617901,49.23,59.8686610726012,1
2010,6106,"Moravské Budějovice",23.79,7,"Česká strana sociálně demokratická","ČSSD",1,0,29.047619047619,42.64,52.0634920634921,1
2010,6107,"Náměšť nad Oslavou",26.91,7,"Česká strana sociálně demokratická","ČSSD",1,0,33.3870967741936,37.26,46.2282878411911,0
2010,6108,"Nové Město na Moravě",24.75,7,"Česká strana sociálně demokratická","ČSSD",1,0,31.4805393029763,44.59,56.715848384635,1
2010,6109,"Pacov",23.27,7,"Česká strana sociálně demokratická","ČSSD",1,0,27.8983335331495,46.76,56.0604244095432,1
2010,6110,"Pelhřimov",23.92,53,"Občanská demokratická strana","ODS",0,1,28.9553322842271,49.77,60.2469434693136,1
2010,6111,"Světlá nad Sázavou",22.77,7,"Česká strana sociálně demokratická","ČSSD",1,0,27.5933107125545,41.38,50.1454192922928,1
2010,6112,"Telč",19.73,7,"Česká strana sociálně demokratická","ČSSD",1,0,25.0794457861955,46.7,59.3618914452777,1
2010,6113,"Třebíč",22,7,"Česká strana sociálně demokratická","ČSSD",1,0,26.8358136130764,47.72,58.209319346182,1
2010,6114,"Velké Meziříčí",23.32,7,"Česká strana sociálně demokratická","ČSSD",1,0,30.0786792209467,42.62,54.9722687991745,1
2010,6115,"Žďár nad Sázavou",22.73,7,"Česká strana sociálně demokratická","ČSSD",1,0,28.914896323623,45.78,58.2368655387355,1
2010,6201,"Blansko",25.44,7,"Česká strana sociálně demokratická","ČSSD",1,0,31.4229249011858,41.38,51.1116600790514,1
2010,6202,"Boskovice",26.8,7,"Česká strana sociálně demokratická","ČSSD",1,0,33.8512062649994,41.22,52.0651762031072,1
2010,6203,"Brno",21.98,53,"Občanská demokratická strana","ODS",0,1,27.5473116931946,50.93,63.8300538914651,1
2010,6204,"Břeclav",25.78,7,"Česká strana sociálně demokratická","ČSSD",1,0,31.2750212301347,44.36,53.8153584859881,1
2010,6205,"Bučovice",29.26,7,"Česká strana sociálně demokratická","ČSSD",1,0,36.7772750125691,35.77,44.9597787833082,0
2010,6206,"Hodonín",26.3,7,"Česká strana sociálně demokratická","ČSSD",1,0,32.521330530481,40.15,49.6475825398788,0
2010,6207,"Hustopeče",23.18,53,"Občanská demokratická strana","ODS",0,1,28.7914544777046,49.16,61.060737796547,1
2010,6208,"Ivančice",22.42,7,"Česká strana sociálně demokratická","ČSSD",1,0,27.1297192642788,40.03,48.4390125847047,0
2010,6209,"Kuřim",23.4,7,"Česká strana sociálně demokratická","ČSSD",1,0,28.7398673544584,48.11,59.0886760009826,1
2010,6210,"Kyjov",23.11,7,"Česká strana sociálně demokratická","ČSSD",1,0,29.0436094005278,42.32,53.1858740731431,1
2010,6211,"Mikulov",20.34,7,"Česká strana sociálně demokratická","ČSSD",1,0,24.5592851968124,45.72,55.204056991065,1
2010,6212,"Moravský Krumlov",21.13,7,"Česká strana sociálně demokratická","ČSSD",1,0,25.9933571164965,43.81,53.8934678312216,1
2010,6213,"Pohořelice",25.59,7,"Česká strana sociálně demokratická","ČSSD",1,0,31.8481642812694,40.99,51.014312383323,1
2010,6214,"Rosice",20.86,7,"Česká strana sociálně demokratická","ČSSD",1,0,25.8969584109249,45.36,56.3128491620112,1
2010,6215,"Slavkov u Brna",23.73,7,"Česká strana sociálně demokratická","ČSSD",1,0,29.7368421052632,46.51,58.2832080200501,1
2010,6216,"Šlapanice",21.06,721,"TOP 09","TOP 09",0,1,27.5618374558304,50.09,65.5542468263316,1
2010,6217,"Tišnov",24.52,7,"Česká strana sociálně demokratická","ČSSD",1,0,30.6538317289661,45.22,56.5320665083135,1
2010,6218,"Veselí nad Moravou",27.15,7,"Česká strana sociálně demokratická","ČSSD",1,0,34.8658019776551,38.26,49.1331706690638,0
2010,6219,"Vyškov",28.64,7,"Česká strana sociálně demokratická","ČSSD",1,0,36.0887096774194,37.36,47.0766129032258,0
2010,6220,"Znojmo",24.68,7,"Česká strana sociálně demokratická","ČSSD",1,0,29.8247734138973,42.39,51.226586102719,1
2010,6221,"Židlochovice",23.62,53,"Občanská demokratická strana","ODS",0,1,28.4099109935049,49.96,60.0914120760164,1
2010,7101,"Hranice",21.46,7,"Česká strana sociálně demokratická","ČSSD",1,0,26.9293512360397,44.64,56.0170661312586,1
2010,7102,"Jeseník",24.23,7,"Česká strana sociálně demokratická","ČSSD",1,0,29.6936274509804,45.22,55.4166666666667,1
2010,7103,"Konice",27.26,7,"Česká strana sociálně demokratická","ČSSD",1,0,35.3658536585366,35.98,46.6787752983913,0
2010,7104,"Lipník nad Bečvou",24.98,7,"Česká strana sociálně demokratická","ČSSD",1,0,31.2601676886497,41.43,51.8458265548742,1
2010,7105,"Litovel",28.25,7,"Česká strana sociálně demokratická","ČSSD",1,0,35.0061957868649,39.3,48.6988847583643,0
2010,7106,"Mohelnice",25.64,7,"Česká strana sociálně demokratická","ČSSD",1,0,31.4678448699067,41.07,50.4050073637703,1
2010,7107,"Olomouc",22.48,7,"Česká strana sociálně demokratická","ČSSD",1,0,27.6065332187155,49.39,60.6533218715461,1
2010,7108,"Prostějov",26.89,7,"Česká strana sociálně demokratická","ČSSD",1,0,32.2499400335812,45.38,54.4255217078436,1
2010,7109,"Přerov",26.78,7,"Česká strana sociálně demokratická","ČSSD",1,0,33.1681942036165,41.89,51.8825860787714,1
2010,7110,"Šternberk",24.89,7,"Česká strana sociálně demokratická","ČSSD",1,0,31.0387828906347,44.97,56.0793116348672,1
2010,7111,"Šumperk",24.04,7,"Česká strana sociálně demokratická","ČSSD",1,0,28.1334113516676,49.62,58.0690462258631,1
2010,7112,"Uničov",27.2,7,"Česká strana sociálně demokratická","ČSSD",1,0,33.041788143829,41.6,50.5344995140914,1
2010,7113,"Zábřeh",25.09,7,"Česká strana sociálně demokratická","ČSSD",1,0,31.1174500806152,43.25,53.6400843358551,1
2010,7201,"Bystřice pod Hostýnem",22.61,7,"Česká strana sociálně demokratická","ČSSD",1,0,29.1779584462511,43.69,56.3814685765905,1
2010,7202,"Holešov",24.12,7,"Česká strana sociálně demokratická","ČSSD",1,0,30.3472571716155,41.2,51.8369401107197,1
2010,7203,"Kroměříž",21.69,7,"Česká strana sociálně demokratická","ČSSD",1,0,27.3759939416888,45.55,57.4908494257226,1
2010,7204,"Luhačovice",23.26,53,"Občanská demokratická strana","ODS",0,1,29.1881039026227,47.79,59.9698832977789,1
2010,7205,"Otrokovice",26.79,7,"Česká strana sociálně demokratická","ČSSD",1,0,33.3043262058677,43.73,54.3635007458976,1
2010,7206,"Rožnov pod Radhoštěm",28.76,53,"Občanská demokratická strana","ODS",0,1,36.2627663598537,53.28,67.1794225192284,1
2010,7207,"Uherské Hradiště",23.73,53,"Občanská demokratická strana","ODS",0,1,29.5922184811074,49.02,61.1298166853722,1
2010,7208,"Uherský Brod",23.71,7,"Česká strana sociálně demokratická","ČSSD",1,0,30.8643582400417,44.62,58.0838323353293,1
2010,7209,"Valašské Klobouky",22.38,7,"Česká strana sociálně demokratická","ČSSD",1,0,30.1332974283021,43.66,58.7855123199138,1
2010,7210,"Valašské Meziříčí",24.57,53,"Občanská demokratická strana","ODS",0,1,30.8784717858489,47.82,60.0980268945583,1
2010,7211,"Vizovice",23.03,53,"Občanská demokratická strana","ODS",0,1,29.75067820695,57.8,74.6673556388064,1
2010,7212,"Vsetín",27.12,53,"Občanská demokratická strana","ODS",0,1,35.3309015112037,47.78,62.2459614382491,1
2010,7213,"Zlín",24.16,53,"Občanská demokratická strana","ODS",0,1,29.812438302073,54.11,66.7694965449161,1
2010,8101,"Bílovec",25.61,7,"Česká strana sociálně demokratická","ČSSD",1,0,31.3425529310978,41.49,50.7771386611186,1
2010,8102,"Bohumín",39.2,7,"Česká strana sociálně demokratická","ČSSD",1,0,46.1176470588235,33.46,39.3647058823529,0
2010,8103,"Bruntál",24.73,7,"Česká strana sociálně demokratická","ČSSD",1,0,30.4744300677757,39.55,48.7369069624153,0
2010,8104,"Český Těšín",30.86,7,"Česká strana sociálně demokratická","ČSSD",1,0,39.6607119907467,36.82,47.3203958360108,0
2010,8105,"Frenštát pod Radhoštěm",23.78,53,"Občanská demokratická strana","ODS",0,1,29.481775353335,47.14,58.442846516241,1
2010,8106,"Frýdek-Místek",29.67,7,"Česká strana sociálně demokratická","ČSSD",1,0,36.1036748600633,40.81,49.6592844974446,0
2010,8107,"Frýdlant nad Ostravicí",25.65,7,"Česká strana sociálně demokratická","ČSSD",1,0,31.3953488372093,44.6,54.5899632802938,1
2010,8108,"Havířov",34.51,7,"Česká strana sociálně demokratická","ČSSD",1,0,41.5282791817088,32.99,39.6991576413959,0
2010,8109,"Hlučín",29.26,7,"Česká strana sociálně demokratická","ČSSD",1,0,37.1886120996441,39.59,50.3177427554652,1
2010,8110,"Jablunkov",33.36,7,"Česká strana sociálně demokratická","ČSSD",1,0,44.3381180223285,35.16,46.7304625199362,0
2010,8111,"Karviná",42.83,7,"Česká strana sociálně demokratická","ČSSD",1,0,50.6923896319091,25.26,29.8970292342289,0
2010,8112,"Kopřivnice",24.82,7,"Česká strana sociálně demokratická","ČSSD",1,0,30.9090909090909,45.37,56.5006226650062,1
2010,8113,"Kravaře",22.84,53,"Občanská demokratická strana","ODS",0,1,28.9297023432552,49.87,63.1665611146295,1
2010,8114,"Krnov",27.52,7,"Česká strana sociálně demokratická","ČSSD",1,0,33.8249754178958,41.35,50.8235004916421,1
2010,8115,"Nový Jičín",24.28,7,"Česká strana sociálně demokratická","ČSSD",1,0,30.1016612943218,45.79,56.7691544755765,1
2010,8116,"Odry",26.52,7,"Česká strana sociálně demokratická","ČSSD",1,0,32.8380386329866,41.48,51.3620604259535,1
2010,8117,"Opava",23.32,7,"Česká strana sociálně demokratická","ČSSD",1,0,29.278091650973,46.29,58.1167608286252,1
2010,8118,"Orlová",37.69,7,"Česká strana sociálně demokratická","ČSSD",1,0,45.4589313713665,28.74,34.664093595465,0
2010,8119,"Ostrava",28.18,7,"Česká strana sociálně demokratická","ČSSD",1,0,34.4540897420223,41.31,50.5073969922974,1
2010,8120,"Rýmařov",33.98,7,"Česká strana sociálně demokratická","ČSSD",1,0,39.8405440262633,35.38,41.4820025794349,0
2010,8121,"Třinec",33.39,7,"Česká strana sociálně demokratická","ČSSD",1,0,41.2629757785467,38.2,47.2071181413742,0
2010,8122,"Vítkov",28.1,7,"Česká strana sociálně demokratická","ČSSD",1,0,34.3983351695434,36.31,44.4485249112499,0
2013,2101,"Benešov",20.38,7,"Česká strana sociálně demokratická","ČSSD",1,1,23.3127430793869,44.31,50.6863417982155,1
2013,2102,"Beroun",19.67,768,"ANO 2011","ANO 2011",0,1,22.9013854930725,42.42,49.3887530562347,0
2013,2103,"Brandýs nad Labem-Stará Boleslav",19.56,768,"ANO 2011","ANO 2011",0,1,22.7998601235575,41.42,48.2806853945681,0
2013,2104,"Čáslav",28.98,7,"Česká strana sociálně demokratická","ČSSD",1,1,32.6829818427879,50.9,57.4038569978572,1
2013,2105,"Černošice",32.81,721,"TOP 09","TOP 09",0,0,39.6112519618496,28.05,33.8645418326693,0
2013,2106,"Český Brod",20.11,768,"ANO 2011","ANO 2011",0,1,23.5452523123756,41.66,48.7764898723803,0
2013,2107,"Dobříš",19.25,768,"ANO 2011","ANO 2011",0,1,22.4123879380603,42.56,49.5517522412388,0
2013,2108,"Hořovice",22.06,7,"Česká strana sociálně demokratická","ČSSD",1,1,24.5247359644247,44.87,49.8832684824903,0
2013,2109,"Kladno",21.74,7,"Česká strana sociálně demokratická","ČSSD",1,1,25.0403132918682,44.37,51.1057360055287,1
2013,2110,"Kolín",21.95,7,"Česká strana sociálně demokratická","ČSSD",1,1,24.9148694665153,46.04,52.2587968217934,1
2013,2111,"Kralupy nad Vltavou",19.66,768,"ANO 2011","ANO 2011",0,1,22.8471818710052,40.89,47.5188843695526,0
2013,2112,"Kutná Hora",22.37,7,"Česká strana sociálně demokratická","ČSSD",1,1,25.443585077343,46.07,52.3999090081893,1
2013,2113,"Lysá nad Labem",18.92,768,"ANO 2011","ANO 2011",0,1,22.2876663918012,42.07,49.5582518553422,0
2013,2114,"Mělník",19.44,7,"Česká strana sociálně demokratická","ČSSD",1,1,22.3782663750432,41.37,47.6228847703465,0
2013,2115,"Mladá Boleslav",20.1,7,"Česká strana sociálně demokratická","ČSSD",1,1,22.8409090909091,42.23,47.9886363636364,0
2013,2116,"Mnichovo Hradiště",21.23,7,"Česká strana sociálně demokratická","ČSSD",1,1,24.5376791493296,44.19,51.0748959778086,1
2013,2117,"Neratovice",22.56,768,"ANO 2011","ANO 2011",0,1,25.80054894785,44.89,51.3380603842635,1
2013,2118,"Nymburk",22.55,7,"Česká strana sociálně demokratická","ČSSD",1,1,25.9732780465331,45.2,52.0617369269754,1
2013,2119,"Poděbrady",19.81,768,"ANO 2011","ANO 2011",0,1,22.8858595194085,42.38,48.960258780037,0
2013,2120,"Příbram",22.21,7,"Česká strana sociálně demokratická","ČSSD",1,1,25.2529846503695,45.84,52.1205230244457,1
2013,2121,"Rakovník",23.37,7,"Česká strana sociálně demokratická","ČSSD",1,1,27.2822787765585,43.97,51.3308428671492,1
2013,2122,"Říčany",24.93,721,"TOP 09","TOP 09",0,0,29.4715687433503,36.55,43.2084170705757,0
2013,2123,"Sedlčany",20.49,768,"ANO 2011","ANO 2011",0,1,24.1741387446909,44.3,52.2652194431336,1
2013,2124,"Slaný",21.46,7,"Česká strana sociálně demokratická","ČSSD",1,1,25.032077452467,43.41,50.635716785256,1
2013,2125,"Vlašim",23.21,7,"Česká strana sociálně demokratická","ČSSD",1,1,25.743123336291,48.36,53.6379769299024,1
2013,2126,"Votice",22.25,768,"ANO 2011","ANO 2011",0,1,25.0168653024511,48.79,54.8572071059141,1
2013,3101,"Blatná",23.79,7,"Česká strana sociálně demokratická","ČSSD",1,1,26.9148093675755,46.75,52.8905984839914,1
2013,3102,"České Budějovice",18.48,7,"Česká strana sociálně demokratická","ČSSD",1,1,21.0910750970098,42.53,48.539146313627,0
2013,3103,"Český Krumlov",19.46,7,"Česká strana sociálně demokratická","ČSSD",1,1,22.5492468134415,41.61,48.215527230591,0
2013,3104,"Dačice",20.3,7,"Česká strana sociálně demokratická","ČSSD",1,1,22.4185532854776,50.87,56.1789066813915,1
2013,3105,"Jindřichův Hradec",23.68,7,"Česká strana sociálně demokratická","ČSSD",1,1,26.5262686232777,44.16,49.4679063515179,0
2013,3106,"Kaplice",22.38,7,"Česká strana sociálně demokratická","ČSSD",1,1,24.4964973730298,46.3,50.6786339754816,1
2013,3107,"Milevsko",21.17,7,"Česká strana sociálně demokratická","ČSSD",1,1,23.2662929992307,43.89,48.236069897791,0
2013,3108,"Písek",20.41,7,"Česká strana sociálně demokratická","ČSSD",1,1,23.2433663591846,41.17,46.8853205785218,0
2013,3109,"Prachatice",23.23,7,"Česká strana sociálně demokratická","ČSSD",1,1,26.25452079566,44.78,50.6103074141049,1
2013,3110,"Soběslav",25.41,7,"Česká strana sociálně demokratická","ČSSD",1,1,28.5730349713258,47.38,53.277858990217,1
2013,3111,"Strakonice",22.36,7,"Česká strana sociálně demokratická","ČSSD",1,1,25.3055681303757,45.6,51.6070620190131,1
2013,3112,"Tábor",21.25,7,"Česká strana sociálně demokratická","ČSSD",1,1,23.9679675163546,44.65,50.3609293931875,1
2013,3113,"Trhové Sviny",21.17,7,"Česká strana sociálně demokratická","ČSSD",1,1,23.6747931111608,45.6,50.9953030641915,1
2013,3114,"Třeboň",20.79,7,"Česká strana sociálně demokratická","ČSSD",1,1,23.2264551446766,43.92,49.0671433359401,0
2013,3115,"Týn nad Vltavou",20.39,7,"Česká strana sociálně demokratická","ČSSD",1,1,23.6405797101449,41.78,48.4405797101449,0
2013,3116,"Vimperk",20.82,7,"Česká strana sociálně demokratická","ČSSD",1,1,23.8187850360371,42.79,48.9532090149868,0
2013,3117,"Vodňany",19.44,7,"Česká strana sociálně demokratická","ČSSD",1,1,21.5139442231076,44.84,49.6237273129703,0
2013,3201,"Blovice",21.11,768,"ANO 2011","ANO 2011",0,1,23.6659192825112,44.73,50.1457399103139,1
2013,3202,"Domažlice",23.68,7,"Česká strana sociálně demokratická","ČSSD",1,1,26.5619742007852,45.83,51.407739764442,1
2013,3203,"Horažďovice",25.23,7,"Česká strana sociálně demokratická","ČSSD",1,1,28.5181417429637,51.23,57.9066350175201,1
2013,3204,"Horšovský Týn",22.45,7,"Česká strana sociálně demokratická","ČSSD",1,1,24.9029395452024,42.5,47.1436494731004,0
2013,3205,"Klatovy",22.02,7,"Česká strana sociálně demokratická","ČSSD",1,1,24.4802668148972,45.83,50.9505280711506,1
2013,3206,"Kralovice",23.43,7,"Česká strana sociálně demokratická","ČSSD",1,1,26.7526832610185,46.5,53.0943137702672,1
2013,3207,"Nepomuk",24.84,7,"Česká strana sociálně demokratická","ČSSD",1,1,28.2690337999317,48.41,55.0927506543758,1
2013,3208,"Nýřany",26.71,7,"Česká strana sociálně demokratická","ČSSD",1,1,30.2320316921336,47.66,53.9445387662705,1
2013,3209,"Plzeň",20.27,7,"Česká strana sociálně demokratická","ČSSD",1,1,23.216126445997,44.13,50.5440384835643,1
2013,3210,"Přeštice",23.09,7,"Česká strana sociálně demokratická","ČSSD",1,1,26.247584403774,44.79,50.9150846879618,1
2013,3211,"Rokycany",20.93,7,"Česká strana sociálně demokratická","ČSSD",1,1,23.6845083173022,44.72,50.6054090754781,1
2013,3212,"Stod",25.41,7,"Česká strana sociálně demokratická","ČSSD",1,1,28.4929356357928,47.55,53.3191298497421,1
2013,3213,"Stříbro",24.04,7,"Česká strana sociálně demokratická","ČSSD",1,1,27.3897687136835,47.06,53.6174091375185,1
2013,3214,"Sušice",19.86,7,"Česká strana sociálně demokratická","ČSSD",1,1,22.0250637684374,45.33,50.2717089941222,1
2013,3215,"Tachov",25.22,7,"Česká strana sociálně demokratická","ČSSD",1,1,28.4778681120145,45.69,51.5921409214092,1
2013,4101,"Aš",21.93,7,"Česká strana sociálně demokratická","ČSSD",1,1,25.6521230553281,45.29,52.976956369166,1
2013,4102,"Cheb",23.71,7,"Česká strana sociálně demokratická","ČSSD",1,1,26.857725419121,47.32,53.6021748980517,1
2013,4103,"Karlovy Vary",22.55,768,"ANO 2011","ANO 2011",0,1,25.5090497737557,44.82,50.7013574660633,1
2013,4104,"Kraslice",22.97,7,"Česká strana sociálně demokratická","ČSSD",1,1,26.2634347130117,48.47,55.4196203978962,1
2013,4105,"Mariánské Lázně",22.12,768,"ANO 2011","ANO 2011",0,1,25.4985590778098,44.88,51.7348703170029,1
2013,4106,"Ostrov",22.6,7,"Česká strana sociálně demokratická","ČSSD",1,1,25.5829748698211,46.55,52.6941362916006,1
2013,4107,"Sokolov",26.36,7,"Česká strana sociálně demokratická","ČSSD",1,1,29.8764592542219,49.52,56.1260342287204,1
2013,4201,"Bílina",25.67,47,"Komunistická strana Čech a Moravy","KSČM",0,0,29.3807943229942,42.18,48.2774407691427,0
2013,4202,"Děčín",22.46,768,"ANO 2011","ANO 2011",0,1,26.1284318287576,46.65,54.2694276407631,1
2013,4203,"Chomutov",24.68,7,"Česká strana sociálně demokratická","ČSSD",1,1,28.0422679240995,46.88,53.2666742415635,1
2013,4204,"Kadaň",23.66,7,"Česká strana sociálně demokratická","ČSSD",1,1,26.4033032027675,47.73,53.2641446267158,1
2013,4205,"Litoměřice",19.15,768,"ANO 2011","ANO 2011",0,1,22.1643518518518,41.25,47.7430555555556,0
2013,4206,"Litvínov",22.42,768,"ANO 2011","ANO 2011",0,1,25.4050991501416,45.54,51.6033994334278,1
2013,4207,"Louny",21.96,7,"Česká strana sociálně demokratická","ČSSD",1,1,24.5582643703869,43.99,49.1948110042496,0
2013,4208,"Lovosice",32.04,768,"ANO 2011","ANO 2011",0,1,35.4738706820195,54,59.7874224977857,1
2013,4209,"Most",24.83,768,"ANO 2011","ANO 2011",0,1,28.1838819523269,48.99,55.6072644721907,1
2013,4210,"Podbořany",30.59,47,"Komunistická strana Čech a Moravy","KSČM",0,0,33.9135254988914,40.29,44.6674057649667,0
2013,4211,"Roudnice nad Labem",19.22,7,"Česká strana sociálně demokratická","ČSSD",1,1,22.408767634371,39.91,46.5314212428588,0
2013,4212,"Rumburk",21.65,768,"ANO 2011","ANO 2011",0,1,24.8365263278651,44.35,50.87759550304,1
2013,4213,"Teplice",20.35,768,"ANO 2011","ANO 2011",0,1,23.6435459509701,43.16,50.1452306262345,1
2013,4214,"Ústí nad Labem",23.22,768,"ANO 2011","ANO 2011",0,1,27.1008403361345,44.63,52.0891690009337,1
2013,4215,"Varnsdorf",21.59,7,"Česká strana sociálně demokratická","ČSSD",1,1,25.2308051887344,44.85,52.4132289353746,1
2013,4216,"Žatec",22.85,47,"Komunistická strana Čech a Moravy","KSČM",0,0,26.2764489420423,43.36,49.8620055197792,0
2013,5101,"Česká Lípa",21.53,7,"Česká strana sociálně demokratická","ČSSD",1,1,25.166569257744,44.22,51.6890707188779,1
2013,5102,"Frýdlant",22.14,7,"Česká strana sociálně demokratická","ČSSD",1,1,25.0878186968839,44.08,49.9490084985836,0
2013,5103,"Jablonec nad Nisou",24.23,768,"ANO 2011","ANO 2011",0,1,28.3027683681813,42.38,49.5035626679126,0
2013,5104,"Jilemnice",18.64,768,"ANO 2011","ANO 2011",0,1,21.4450069028992,39.53,45.4786010124252,0
2013,5105,"Liberec",23.43,768,"ANO 2011","ANO 2011",0,1,27.7048598793899,41.57,49.1545465295022,0
2013,5106,"Nový Bor",23.18,768,"ANO 2011","ANO 2011",0,1,27.1047708138447,43.86,51.2862488306829,1
2013,5107,"Semily",20.83,721,"TOP 09","TOP 09",0,0,23.7054739956754,37.77,42.9839535677706,0
2013,5108,"Tanvald",20.68,768,"ANO 2011","ANO 2011",0,1,24.1025641025641,42.5,49.5337995337995,0
2013,5109,"Turnov",22.21,721,"TOP 09","TOP 09",0,0,26.0131178261888,39.09,45.7835558678848,0
2013,5110,"Železný Brod",20.77,768,"ANO 2011","ANO 2011",0,1,24.6498931877522,39.07,46.3683835746499,0
2013,5201,"Broumov",21.85,7,"Česká strana sociálně demokratická","ČSSD",1,1,25.0229042601924,49.74,56.9628950984883,1
2013,5202,"Dobruška",19.07,768,"ANO 2011","ANO 2011",0,1,21.5115623237451,49.32,55.6345177664975,1
2013,5203,"Dvůr Králové nad Labem",21.39,768,"ANO 2011","ANO 2011",0,1,24.4261733470367,46.97,53.6370903277378,1
2013,5204,"Hořice",23.82,768,"ANO 2011","ANO 2011",0,1,27.4613788332949,44.99,51.8676504496196,1
2013,5205,"Hradec Králové",20.25,768,"ANO 2011","ANO 2011",0,1,23.0009086778737,44.54,50.590640617901,1
2013,5206,"Jaroměř",20.56,768,"ANO 2011","ANO 2011",0,1,23.5888022028453,44.99,51.6177145479578,1
2013,5207,"Jičín",20.66,768,"ANO 2011","ANO 2011",0,1,23.4453018610985,45.66,51.8157058556514,1
2013,5208,"Kostelec nad Orlicí",19.56,7,"Česká strana sociálně demokratická","ČSSD",1,1,22.3849851224537,42.63,48.7869077592126,0
2013,5209,"Náchod",23.72,7,"Česká strana sociálně demokratická","ČSSD",1,1,26.6038582323912,52,58.3221175414984,1
2013,5210,"Nová Paka",19.11,7,"Česká strana sociálně demokratická","ČSSD",1,1,21.8925421010425,41.76,47.8405315614618,0
2013,5211,"Nové Město nad Metují",18.24,768,"ANO 2011","ANO 2011",0,1,20.4186723385201,46.53,52.0877644688235,1
2013,5212,"Nový Bydžov",21.18,768,"ANO 2011","ANO 2011",0,1,24.5536749362393,45.27,52.4808717829817,1
2013,5213,"Rychnov nad Kněžnou",20.32,768,"ANO 2011","ANO 2011",0,1,23.1145489705381,46.26,52.6219997724946,1
2013,5214,"Trutnov",19.23,7,"Česká strana sociálně demokratická","ČSSD",1,1,22.1773728520355,41.53,47.8952831276669,0
2013,5215,"Vrchlabí",21.2,768,"ANO 2011","ANO 2011",0,1,24.6769875451053,41.36,48.1434058898848,0
2013,5301,"Česká Třebová",25.73,7,"Česká strana sociálně demokratická","ČSSD",1,1,29.0997511875141,46.5,52.5899117846641,1
2013,5302,"Hlinsko",23.77,768,"ANO 2011","ANO 2011",0,1,26.5497598570312,55.94,62.4818496593321,1
2013,5303,"Holice",25.62,7,"Česká strana sociálně demokratická","ČSSD",1,1,28.8773669972949,51.57,58.1266907123535,1
2013,5304,"Chrudim",23.01,768,"ANO 2011","ANO 2011",0,1,26.7185322805388,47.53,55.1904319554111,1
2013,5305,"Králíky",23.89,7,"Česká strana sociálně demokratická","ČSSD",1,1,27.1199909183789,44.3,50.2894766715859,1
2013,5306,"Lanškroun",22.03,7,"Česká strana sociálně demokratická","ČSSD",1,1,25.1857779810221,48.34,55.2646621698868,1
2013,5307,"Litomyšl",16.58,7,"Česká strana sociálně demokratická","ČSSD",1,1,18.9291014956045,45.11,51.5013129352666,1
2013,5308,"Moravská Třebová",28.65,7,"Česká strana sociálně demokratická","ČSSD",1,1,31.8900267141585,51.82,57.680320569902,1
2013,5309,"Pardubice",22.02,768,"ANO 2011","ANO 2011",0,1,25.348221480373,46.71,53.7700011511454,1
2013,5310,"Polička",19.98,7,"Česká strana sociálně demokratická","ČSSD",1,1,22.9128440366972,45.74,52.454128440367,1
2013,5311,"Přelouč",23.29,7,"Česká strana sociálně demokratická","ČSSD",1,1,26.5352626182067,49.41,56.2948615700125,1
2013,5312,"Svitavy",28.85,7,"Česká strana sociálně demokratická","ČSSD",1,1,32.8587699316629,49.55,56.4350797266515,1
2013,5313,"Ústí nad Orlicí",21.58,7,"Česká strana sociálně demokratická","ČSSD",1,1,24.7363594681339,45.73,52.4186153140761,1
2013,5314,"Vysoké Mýto",17.62,768,"ANO 2011","ANO 2011",0,1,20.8520710059172,45.15,53.4319526627219,1
2013,5315,"Žamberk",18.26,7,"Česká strana sociálně demokratická","ČSSD",1,1,21.1857524074719,41.42,48.0566190973431,0
2013,6101,"Bystřice nad Pernštejnem",30.83,7,"Česká strana sociálně demokratická","ČSSD",1,1,34.9427632324606,54.19,61.4190184744418,1
2013,6102,"Havlíčkův Brod",22,7,"Česká strana sociálně demokratická","ČSSD",1,1,24.785939612438,45.68,51.4646237043713,1
2013,6103,"Humpolec",25.54,7,"Česká strana sociálně demokratická","ČSSD",1,1,28.2459632824596,47.89,52.9639460296395,1
2013,6104,"Chotěboř",24.87,7,"Česká strana sociálně demokratická","ČSSD",1,1,27.9752530933633,48.46,54.5106861642295,1
2013,6105,"Jihlava",20.78,7,"Česká strana sociálně demokratická","ČSSD",1,1,24.5047169811321,42.3,49.8820754716981,0
2013,6106,"Moravské Budějovice",23.35,7,"Česká strana sociálně demokratická","ČSSD",1,1,25.6537024829708,47.79,52.5049439683586,1
2013,6107,"Náměšť nad Oslavou",23.04,7,"Česká strana sociálně demokratická","ČSSD",1,1,25.6427378964942,47.8,53.1997774067891,1
2013,6108,"Nové Město na Moravě",24.86,7,"Česká strana sociálně demokratická","ČSSD",1,1,28.1444582814446,52.13,59.017321408355,1
2013,6109,"Pacov",26.98,7,"Česká strana sociálně demokratická","ČSSD",1,1,30.4,49.98,56.3154929577465,1
2013,6110,"Pelhřimov",26.99,7,"Česká strana sociálně demokratická","ČSSD",1,1,30.1901565995526,49.61,55.4921700223714,1
2013,6111,"Světlá nad Sázavou",22.05,7,"Česká strana sociálně demokratická","ČSSD",1,1,24.2520897492301,46.77,51.4408271007479,1
2013,6112,"Telč",19.37,7,"Česká strana sociálně demokratická","ČSSD",1,1,22.0564791619221,45.91,52.2773855613755,1
2013,6113,"Třebíč",21.31,7,"Česká strana sociálně demokratická","ČSSD",1,1,24.1582587008276,47.84,54.2342138079583,1
2013,6114,"Velké Meziříčí",23.07,7,"Česká strana sociálně demokratická","ČSSD",1,1,25.7276681164269,50.18,55.9607449537192,1
2013,6115,"Žďár nad Sázavou",22.91,7,"Česká strana sociálně demokratická","ČSSD",1,1,25.9809480607848,49.8,56.4753912451803,1
2013,6201,"Blansko",28.89,7,"Česká strana sociálně demokratická","ČSSD",1,1,32.1894150417827,53.18,59.2534818941504,1
2013,6202,"Boskovice",27.77,7,"Česká strana sociálně demokratická","ČSSD",1,1,31.1532420910927,54.21,60.8144491810635,1
2013,6203,"Brno",20.77,7,"Česká strana sociálně demokratická","ČSSD",1,1,24.2923976608187,46.68,54.5964912280702,1
2013,6204,"Břeclav",24.72,7,"Česká strana sociálně demokratická","ČSSD",1,1,27.7503367759317,51.43,57.7346205657836,1
2013,6205,"Bučovice",29.17,7,"Česká strana sociálně demokratická","ČSSD",1,1,31.9321291735085,52.27,57.2194854953476,1
2013,6206,"Hodonín",25.67,7,"Česká strana sociálně demokratická","ČSSD",1,1,28.9076576576577,51.07,57.5112612612613,1
2013,6207,"Hustopeče",22.21,768,"ANO 2011","ANO 2011",0,1,24.8489594987693,51.41,57.518460505706,1
2013,6208,"Ivančice",23.48,7,"Česká strana sociálně demokratická","ČSSD",1,1,25.6864675637239,50.05,54.7533092659446,1
2013,6209,"Kuřim",22.73,7,"Česká strana sociálně demokratická","ČSSD",1,1,26.2804948548965,47.02,54.3646664354261,1
2013,6210,"Kyjov",20.96,7,"Česká strana sociálně demokratická","ČSSD",1,1,26.0502112851106,43.06,53.5172756649267,1
2013,6211,"Mikulov",22.04,7,"Česká strana sociálně demokratická","ČSSD",1,1,24.6312025033527,44.25,49.4523915958873,0
2013,6212,"Moravský Krumlov",23.91,7,"Česká strana sociálně demokratická","ČSSD",1,1,26.3761720904578,49.45,54.5504688361831,1
2013,6213,"Pohořelice",25.77,7,"Česká strana sociálně demokratická","ČSSD",1,1,28.6237920693102,49.88,55.4037543041208,1
2013,6214,"Rosice",23.16,768,"ANO 2011","ANO 2011",0,1,26.1163734776725,50.45,56.8899413622012,1
2013,6215,"Slavkov u Brna",26.21,7,"Česká strana sociálně demokratická","ČSSD",1,1,29.0995892083935,54.24,60.2198290218719,1
2013,6216,"Šlapanice",18.79,768,"ANO 2011","ANO 2011",0,1,21.6524544825997,51.51,59.3569946992395,1
2013,6217,"Tišnov",23.88,7,"Česká strana sociálně demokratická","ČSSD",1,1,27.3320361680211,49.82,57.0218610507039,1
2013,6218,"Veselí nad Moravou",25.91,7,"Česká strana sociálně demokratická","ČSSD",1,1,28.9109573755858,55.21,61.6045525552332,1
2013,6219,"Vyškov",30.91,7,"Česká strana sociálně demokratická","ČSSD",1,1,35.0731873368887,54.37,61.6929535912856,1
2013,6220,"Znojmo",27.09,7,"Česká strana sociálně demokratická","ČSSD",1,1,30.0966559271192,51.23,56.9158982335296,1
2013,6221,"Židlochovice",22.27,7,"Česká strana sociálně demokratická","ČSSD",1,1,25.3298453139217,46.86,53.2984531392175,1
2013,7101,"Hranice",19.94,7,"Česká strana sociálně demokratická","ČSSD",1,1,22.4120490052827,46.25,51.9838147690233,1
2013,7102,"Jeseník",24.03,7,"Česká strana sociálně demokratická","ČSSD",1,1,27.0455824423185,48.51,54.5976364659539,1
2013,7103,"Konice",25.38,7,"Česká strana sociálně demokratická","ČSSD",1,1,27.8319991227108,54.19,59.4253755894287,1
2013,7104,"Lipník nad Bečvou",22.76,7,"Česká strana sociálně demokratická","ČSSD",1,1,25.2216312056738,51,56.5159574468085,1
2013,7105,"Litovel",26.95,7,"Česká strana sociálně demokratická","ČSSD",1,1,29.8482666962011,51.59,57.1381105327279,1
2013,7106,"Mohelnice",23.45,7,"Česká strana sociálně demokratická","ČSSD",1,1,26.440410418311,46.9,52.8808208366219,1
2013,7107,"Olomouc",20.94,7,"Česká strana sociálně demokratická","ČSSD",1,1,23.9259597806216,47.81,54.6275137111517,1
2013,7108,"Prostějov",25.51,7,"Česká strana sociálně demokratická","ČSSD",1,1,28.3318525099956,50.66,56.2638827187916,1
2013,7109,"Přerov",23.92,768,"ANO 2011","ANO 2011",0,1,26.7232711428891,51.79,57.8594570439057,1
2013,7110,"Šternberk",22.48,7,"Česká strana sociálně demokratická","ČSSD",1,1,25.2896838789515,48.22,54.2468219147261,1
2013,7111,"Šumperk",24.4,7,"Česká strana sociálně demokratická","ČSSD",1,1,27.7241222588342,47.8,54.3120099988638,1
2013,7112,"Uničov",25.04,7,"Česká strana sociálně demokratická","ČSSD",1,1,27.7636101563366,48.89,54.2077835680231,1
2013,7113,"Zábřeh",22.45,7,"Česká strana sociálně demokratická","ČSSD",1,1,24.5919596889035,53.85,58.9878409464344,1
2013,7201,"Bystřice pod Hostýnem",20.22,792,"Úsvit přímé demokracie Tomia Okamury","Úsvit",0,0,22.1443434454058,46.01,50.3887854561384,1
2013,7202,"Holešov",25.39,7,"Česká strana sociálně demokratická","ČSSD",1,1,27.9872134038801,53.11,58.5427689594356,1
2013,7203,"Kroměříž",21.16,768,"ANO 2011","ANO 2011",0,1,23.7033717934356,49.52,55.4721631007057,1
2013,7204,"Luhačovice",20.23,7,"Česká strana sociálně demokratická","ČSSD",1,1,22.8226534296029,48.39,54.5916064981949,1
2013,7205,"Otrokovice",24.03,7,"Česká strana sociálně demokratická","ČSSD",1,1,27.100484944175,51.31,57.8662456298635,1
2013,7206,"Rožnov pod Radhoštěm",20.79,768,"ANO 2011","ANO 2011",0,1,23.9323126510878,48.47,55.7960170369518,1
2013,7207,"Uherské Hradiště",20.03,7,"Česká strana sociálně demokratická","ČSSD",1,1,22.9281135531136,47.75,54.6588827838828,1
2013,7208,"Uherský Brod",21.56,7,"Česká strana sociálně demokratická","ČSSD",1,1,23.8205723124517,52.49,57.9935918683018,1
2013,7209,"Valašské Klobouky",20.24,1,"Křesťan.a demokrat.unie-Českosl.strana lidová","KDU-ČSL",0,1,23.5567970204842,52.8,61.4525139664804,1
2013,7210,"Valašské Meziříčí",25.96,768,"ANO 2011","ANO 2011",0,1,28.8958147818344,55.18,61.420302760463,1
2013,7211,"Vizovice",18.35,768,"ANO 2011","ANO 2011",0,1,21.6111176539866,45.95,54.1161229537157,1
2013,7212,"Vsetín",20.82,7,"Česká strana sociálně demokratická","ČSSD",1,1,23.9972337482711,50.24,57.9068695251268,1
2013,7213,"Zlín",20.68,768,"ANO 2011","ANO 2011",0,1,23.6802931409596,47.61,54.5173479903813,1
2013,8101,"Bílovec",23.14,7,"Česká strana sociálně demokratická","ČSSD",1,1,26.4729435991305,48.4,55.3712389886741,1
2013,8102,"Bohumín",35.42,7,"Česká strana sociálně demokratická","ČSSD",1,1,39.6907216494845,56.1,62.8641864634693,1
2013,8103,"Bruntál",24.5,7,"Česká strana sociálně demokratická","ČSSD",1,1,27.0658418029165,46.89,51.8007070260716,1
2013,8104,"Český Těšín",28.23,7,"Česká strana sociálně demokratická","ČSSD",1,1,31.6160824280435,55.06,61.6642401164744,1
2013,8105,"Frenštát pod Radhoštěm",22.84,7,"Česká strana sociálně demokratická","ČSSD",1,1,25.9929441219984,52.28,59.4969841811767,1
2013,8106,"Frýdek-Místek",26.39,7,"Česká strana sociálně demokratická","ČSSD",1,1,29.8765991169478,53.13,60.1494396014944,1
2013,8107,"Frýdlant nad Ostravicí",23.33,768,"ANO 2011","ANO 2011",0,1,26.1459150509918,55.39,62.0755351339236,1
2013,8108,"Havířov",31.51,7,"Česká strana sociálně demokratická","ČSSD",1,1,35.4044943820225,51.27,57.6067415730337,1
2013,8109,"Hlučín",25.23,7,"Česká strana sociálně demokratická","ČSSD",1,1,28.6704545454545,52.05,59.1477272727273,1
2013,8110,"Jablunkov",26.74,7,"Česká strana sociálně demokratická","ČSSD",1,1,29.1571257223858,63.87,69.6434412823029,1
2013,8111,"Karviná",36.05,7,"Česká strana sociálně demokratická","ČSSD",1,1,39.812258420762,55.48,61.2700165654335,1
2013,8112,"Kopřivnice",24.99,7,"Česká strana sociálně demokratická","ČSSD",1,1,28.527397260274,51.73,59.0525114155251,1
2013,8113,"Kravaře",22.28,768,"ANO 2011","ANO 2011",0,1,24.2622236741806,56.41,61.4287269955352,1
2013,8114,"Krnov",26.41,7,"Česká strana sociálně demokratická","ČSSD",1,1,29.3346662223703,51.01,56.6588914806176,1
2013,8115,"Nový Jičín",24.96,7,"Česká strana sociálně demokratická","ČSSD",1,1,28.5550852305228,51.78,59.238073446974,1
2013,8116,"Odry",24.09,7,"Česká strana sociálně demokratická","ČSSD",1,1,26.8831603615668,51.77,57.7725700256668,1
2013,8117,"Opava",23.29,7,"Česká strana sociálně demokratická","ČSSD",1,1,26.6201851640187,50.45,57.6637329980569,1
2013,8118,"Orlová",31.88,7,"Česká strana sociálně demokratická","ČSSD",1,1,35.9616469261139,49.36,55.6796390298928,1
2013,8119,"Ostrava",25.51,7,"Česká strana sociálně demokratická","ČSSD",1,1,29.2949012402389,49.14,56.4308681672026,1
2013,8120,"Rýmařov",31.27,7,"Česká strana sociálně demokratická","ČSSD",1,1,34.3098529734474,52.51,57.6146587667325,1
2013,8121,"Třinec",31.74,7,"Česká strana sociálně demokratická","ČSSD",1,1,35.4320160750167,59.43,66.3429336905559,1
2013,8122,"Vítkov",24.68,7,"Česká strana sociálně demokratická","ČSSD",1,1,27.7552856500225,50.29,56.5564552406658,1
2017,2101,"Benešov",30.53,768,"ANO 2011","ANO",1,1,32.1707060063224,37.92,39.9578503688093,0
2017,2102,"Beroun",26.8,768,"ANO 2011","ANO",1,1,28.7430287430287,33.14,35.5426855426855,0
2017,2103,"Brandýs nad Labem-Stará Boleslav",26.93,768,"ANO 2011","ANO",1,1,28.8824538824539,32.61,34.97425997426,0
2017,2104,"Čáslav",29.27,768,"ANO 2011","ANO",1,1,30.8105263157895,44.12,46.4421052631579,0
2017,2105,"Černošice",19.51,721,"TOP 09","TOP 09",0,0,20.6542451831463,20.01,21.1835697649799,0
2017,2106,"Český Brod",26.06,768,"ANO 2011","ANO",1,1,27.5301077540672,32.33,34.1538136488485,0
2017,2107,"Dobříš",26.29,768,"ANO 2011","ANO",1,1,28.1266716593559,33.48,35.8189793516636,0
2017,2108,"Hořovice",27.96,768,"ANO 2011","ANO",1,1,29.6500530222694,36.18,38.3669141039236,0
2017,2109,"Kladno",30.48,768,"ANO 2011","ANO",1,1,32.6268464996789,37.37,40.0021408691929,0
2017,2110,"Kolín",27.09,768,"ANO 2011","ANO",1,1,28.2511210762332,32.85,34.2580039628741,0
2017,2111,"Kralupy nad Vltavou",28.03,768,"ANO 2011","ANO",1,1,29.9050464099008,34.54,36.850528112664,0
2017,2112,"Kutná Hora",28.22,768,"ANO 2011","ANO",1,1,29.8056611744825,35.75,37.7587663709337,0
2017,2113,"Lysá nad Labem",25.48,768,"ANO 2011","ANO",1,1,26.9572577232332,32.71,34.606432501058,0
2017,2114,"Mělník",28.61,768,"ANO 2011","ANO",1,1,30.6974248927039,35.95,38.5729613733906,0
2017,2115,"Mladá Boleslav",34.4,768,"ANO 2011","ANO",1,1,36.7953791849396,41.87,44.7855385602738,0
2017,2116,"Mnichovo Hradiště",30.7,768,"ANO 2011","ANO",1,1,32.2885990744636,36.7,38.5990744636096,0
2017,2117,"Neratovice",35.12,768,"ANO 2011","ANO",1,1,37.6460499517633,41.27,44.2383963983278,0
2017,2118,"Nymburk",30.6,768,"ANO 2011","ANO",1,1,32.591330280115,38.65,41.1651933113218,0
2017,2119,"Poděbrady",26.01,768,"ANO 2011","ANO",1,1,27.3042200293932,34.95,36.6890615158514,0
2017,2120,"Příbram",32.06,768,"ANO 2011","ANO",1,1,33.8257016248154,39.6,41.7809664486179,0
2017,2121,"Rakovník",30.76,768,"ANO 2011","ANO",1,1,32.5812943544116,38.97,41.2774070543375,0
2017,2122,"Říčany",21.53,768,"ANO 2011","ANO",1,1,22.8532002972084,25.87,27.4599299437427,0
2017,2123,"Sedlčany",27.54,768,"ANO 2011","ANO",1,1,29.108973681429,34.39,36.3492231265194,0
2017,2124,"Slaný",30.72,768,"ANO 2011","ANO",1,1,33.1070158422244,38.1,41.0604591011963,0
2017,2125,"Vlašim",32.98,768,"ANO 2011","ANO",1,1,34.5340314136126,42.43,44.4293193717278,0
2017,2126,"Votice",35.1,768,"ANO 2011","ANO",1,1,36.8581329413,43.93,46.1304210857923,0
2017,3101,"Blatná",28.12,768,"ANO 2011","ANO",1,1,30.2951950010774,35.81,38.5800474035768,0
2017,3102,"České Budějovice",27.67,768,"ANO 2011","ANO",1,1,30.1252041371802,34.23,37.267283614589,0
2017,3103,"Český Krumlov",26.14,768,"ANO 2011","ANO",1,1,28.5215493726132,32.57,35.5373704309875,0
2017,3104,"Dačice",25.43,768,"ANO 2011","ANO",1,1,26.6226968174204,32.07,33.5741206030151,0
2017,3105,"Jindřichův Hradec",29.67,768,"ANO 2011","ANO",1,1,32.0444972459229,39.55,42.7151960254887,0
2017,3106,"Kaplice",34.18,768,"ANO 2011","ANO",1,1,36.2037919711895,41.15,43.586484482576,0
2017,3107,"Milevsko",30.61,768,"ANO 2011","ANO",1,1,32.275411218895,38.28,40.3627161535217,0
2017,3108,"Písek",26.85,768,"ANO 2011","ANO",1,1,28.7596401028278,35.3,37.8106255355613,0
2017,3109,"Prachatice",25.15,768,"ANO 2011","ANO",1,1,27.080865726284,33.32,35.8781091848821,0
2017,3110,"Soběslav",31.57,768,"ANO 2011","ANO",1,1,33.9243498817967,40.43,43.44508918977,0
2017,3111,"Strakonice",32.54,768,"ANO 2011","ANO",1,1,34.8170340252514,40.59,43.4303445324203,0
2017,3112,"Tábor",29.75,768,"ANO 2011","ANO",1,1,31.7062773100288,37.83,40.3175956517105,0
2017,3113,"Trhové Sviny",32.98,768,"ANO 2011","ANO",1,1,35.2651839178785,38.63,41.3066723695466,0
2017,3114,"Třeboň",25.76,768,"ANO 2011","ANO",1,1,27.7019034304764,33.6,36.1329175180127,0
2017,3115,"Týn nad Vltavou",27.16,768,"ANO 2011","ANO",1,1,29.7448253203373,34.04,37.27959697733,0
2017,3116,"Vimperk",26.45,768,"ANO 2011","ANO",1,1,28.0368878524486,34.51,36.5804536781853,0
2017,3117,"Vodňany",30.84,768,"ANO 2011","ANO",1,1,32.6383744311567,38.5,40.7450523864959,0
2017,3201,"Blovice",28.86,768,"ANO 2011","ANO",1,1,30.7643108410617,37.44,39.9104573073233,0
2017,3202,"Domažlice",26.98,768,"ANO 2011","ANO",1,1,28.4149552395998,35.83,37.7356503422854,0
2017,3203,"Horažďovice",33.42,768,"ANO 2011","ANO",1,1,35.245728749209,42.44,44.7584897700907,0
2017,3204,"Horšovský Týn",33.49,768,"ANO 2011","ANO",1,1,35.8143514062667,39.94,42.7120094107582,0
2017,3205,"Klatovy",30.84,768,"ANO 2011","ANO",1,1,32.8015315890236,39.27,41.7677089980855,0
2017,3206,"Kralovice",31.78,768,"ANO 2011","ANO",1,1,34.3567567567568,40.94,44.2594594594595,0
2017,3207,"Nepomuk",33.75,768,"ANO 2011","ANO",1,1,36.5655471289274,42.75,46.3163596966414,0
2017,3208,"Nýřany",33.49,768,"ANO 2011","ANO",1,1,36.010752688172,42.08,45.247311827957,0
2017,3209,"Plzeň",28.68,768,"ANO 2011","ANO",1,1,30.9184993531695,36.23,39.0577835273825,0
2017,3210,"Přeštice",29.95,768,"ANO 2011","ANO",1,1,32.24243729142,38.8,41.7698352890516,0
2017,3211,"Rokycany",32.23,768,"ANO 2011","ANO",1,1,34.3713341153887,39.25,41.8577370161032,0
2017,3212,"Stod",36.14,768,"ANO 2011","ANO",1,1,38.7352625937835,44.89,48.1136120042872,0
2017,3213,"Stříbro",34.12,768,"ANO 2011","ANO",1,1,36.3326589287616,43.59,46.4167820253434,0
2017,3214,"Sušice",30.78,768,"ANO 2011","ANO",1,1,32.4752057396075,38.74,40.8736020257438,0
2017,3215,"Tachov",34.04,768,"ANO 2011","ANO",1,1,36.0440491317238,42.55,45.0550614146548,0
2017,4101,"Aš",40.12,768,"ANO 2011","ANO",1,1,44.0733824014061,45.26,49.7198725694826,0
2017,4102,"Cheb",34.46,768,"ANO 2011","ANO",1,1,36.5623342175066,41.9,44.4562334217507,0
2017,4103,"Karlovy Vary",33.3,768,"ANO 2011","ANO",1,1,35.478372043469,39.81,42.4142339654805,0
2017,4104,"Kraslice",42.05,768,"ANO 2011","ANO",1,1,44.7245266964476,48.56,51.6485854073601,1
2017,4105,"Mariánské Lázně",30.67,768,"ANO 2011","ANO",1,1,32.2434819175778,37.17,39.0769554247267,0
2017,4106,"Ostrov",34.05,768,"ANO 2011","ANO",1,1,36.8267358857884,40.64,43.9541423318192,0
2017,4107,"Sokolov",36.46,768,"ANO 2011","ANO",1,1,39.6951551442569,44.64,48.6009798584649,0
2017,4201,"Bílina",40.68,768,"ANO 2011","ANO",1,1,43.3180704930252,47.04,50.0905121925248,1
2017,4202,"Děčín",38.6,768,"ANO 2011","ANO",1,1,41.3055109684323,45.52,48.7105403959337,0
2017,4203,"Chomutov",38.47,768,"ANO 2011","ANO",1,1,40.9996802728338,45.7,48.7051049770862,0
2017,4204,"Kadaň",40.6,768,"ANO 2011","ANO",1,1,43.0130310414239,47.19,49.9947028286895,0
2017,4205,"Litoměřice",30.4,768,"ANO 2011","ANO",1,1,32.8222846037573,36.48,39.3867415245087,0
2017,4206,"Litvínov",39.31,768,"ANO 2011","ANO",1,1,41.8592269193909,46.06,49.0469598551805,0
2017,4207,"Louny",33.95,768,"ANO 2011","ANO",1,1,35.9335309060119,41.67,44.1045723962743,0
2017,4208,"Lovosice",47.18,768,"ANO 2011","ANO",1,1,49.7731828251925,53.59,56.5354995252664,1
2017,4209,"Most",39.93,768,"ANO 2011","ANO",1,1,42.6921843258847,46.91,50.1550304715065,1
2017,4210,"Podbořany",39.1,768,"ANO 2011","ANO",1,1,41.5559570623871,47.12,50.0797109150813,1
2017,4211,"Roudnice nad Labem",27.35,768,"ANO 2011","ANO",1,1,29.2763862128024,33.84,36.223506743738,0
2017,4212,"Rumburk",41.92,768,"ANO 2011","ANO",1,1,44.6670218433671,48.31,51.4757591901971,1
2017,4213,"Teplice",37.16,768,"ANO 2011","ANO",1,1,39.6162046908316,43.52,46.3965884861407,0
2017,4214,"Ústí nad Labem",36.37,768,"ANO 2011","ANO",1,1,39.2340884573894,42.69,46.0517799352751,0
2017,4215,"Varnsdorf",39.22,768,"ANO 2011","ANO",1,1,42.1765781266803,45.94,49.4031616302828,0
2017,4216,"Žatec",37.27,768,"ANO 2011","ANO",1,1,39.4308082945408,44.05,46.6038933559035,0
2017,5101,"Česká Lípa",32.69,768,"ANO 2011","ANO",1,1,34.7618034878775,39.27,41.758826031476,0
2017,5102,"Frýdlant",32.97,768,"ANO 2011","ANO",1,1,34.7162261766874,40.29,42.423923344214,0
2017,5103,"Jablonec nad Nisou",29.79,768,"ANO 2011","ANO",1,1,31.7252396166134,35.41,37.7103301384451,0
2017,5104,"Jilemnice",26.63,768,"ANO 2011","ANO",1,1,28.7084950409659,31.58,34.0448469167745,0
2017,5105,"Liberec",30.94,768,"ANO 2011","ANO",1,1,33.1050716884229,36.47,39.0220415150867,0
2017,5106,"Nový Bor",31.3,768,"ANO 2011","ANO",1,1,33.4473178029493,37.72,40.3077580679632,0
2017,5107,"Semily",28.09,768,"ANO 2011","ANO",1,1,30.1136363636364,33.81,36.2457118353345,0
2017,5108,"Tanvald",31.3,768,"ANO 2011","ANO",1,1,33.4401709401709,38.05,40.6517094017094,0
2017,5109,"Turnov",23.77,768,"ANO 2011","ANO",1,1,25.1374788494078,30.54,32.2969543147208,0
2017,5110,"Železný Brod",25.73,768,"ANO 2011","ANO",1,1,27.2073596277889,31.05,32.8328222480702,0
2017,5201,"Broumov",34.54,768,"ANO 2011","ANO",1,1,36.5463972066448,43.03,45.5295735900963,0
2017,5202,"Dobruška",33.09,768,"ANO 2011","ANO",1,1,35.1162050302451,39.5,41.918709540486,0
2017,5203,"Dvůr Králové nad Labem",35.67,768,"ANO 2011","ANO",1,1,37.7540220152413,42.25,44.7184589331075,0
2017,5204,"Hořice",33.87,768,"ANO 2011","ANO",1,1,36.4467879048746,40.01,43.0539115463252,0
2017,5205,"Hradec Králové",29.93,768,"ANO 2011","ANO",1,1,31.9867478892808,36.09,38.5700545046489,0
2017,5206,"Jaroměř",33.11,768,"ANO 2011","ANO",1,1,35.2234042553191,38.64,41.1063829787234,0
2017,5207,"Jičín",31.97,768,"ANO 2011","ANO",1,1,34.0867896364218,38.58,41.1344493016313,0
2017,5208,"Kostelec nad Orlicí",31.79,768,"ANO 2011","ANO",1,1,33.776030599235,38.75,41.1708457288568,0
2017,5209,"Náchod",30.85,768,"ANO 2011","ANO",1,1,32.6904736674791,42.64,45.1838508000424,0
2017,5210,"Nová Paka",26.84,768,"ANO 2011","ANO",1,1,28.2347990742689,33.13,34.851672627814,0
2017,5211,"Nové Město nad Metují",29.6,768,"ANO 2011","ANO",1,1,31.7154184078003,35.83,38.3906568091718,0
2017,5212,"Nový Bydžov",33.83,768,"ANO 2011","ANO",1,1,37.2290084736437,40.34,44.3930890282822,0
2017,5213,"Rychnov nad Kněžnou",30.91,768,"ANO 2011","ANO",1,1,32.9390451832907,37.32,39.769820971867,0
2017,5214,"Trutnov",30.45,768,"ANO 2011","ANO",1,1,32.3282726404077,36.24,38.4754220193227,0
2017,5215,"Vrchlabí",27.26,768,"ANO 2011","ANO",1,1,28.9876648234794,31.88,33.900467886006,0
2017,5301,"Česká Třebová",32.95,768,"ANO 2011","ANO",1,1,35.4949908434773,41.59,44.8023268339976,0
2017,5302,"Hlinsko",34.26,768,"ANO 2011","ANO",1,1,36.3347120585428,44.19,46.8660515431117,0
2017,5303,"Holice",28.58,768,"ANO 2011","ANO",1,1,30.1699567190964,37.31,39.3856222949435,0
2017,5304,"Chrudim",29.88,768,"ANO 2011","ANO",1,1,32.0704089299131,37.66,40.4207362885049,0
2017,5305,"Králíky",33.98,768,"ANO 2011","ANO",1,1,36.3189397178281,39.76,42.4967935014964,0
2017,5306,"Lanškroun",33.43,768,"ANO 2011","ANO",1,1,36.1992420140769,40.76,44.1364374661613,0
2017,5307,"Litomyšl",24.75,768,"ANO 2011","ANO",1,1,26.2460233297985,30.65,32.5026511134676,0
2017,5308,"Moravská Třebová",31.26,768,"ANO 2011","ANO",1,1,33.2129196770081,42.35,44.9957501062473,0
2017,5309,"Pardubice",31.31,768,"ANO 2011","ANO",1,1,33.5836104258286,38.6,41.4029818727877,0
2017,5310,"Polička",25.3,768,"ANO 2011","ANO",1,1,26.8264234969781,32.93,34.9167638638532,0
2017,5311,"Přelouč",29.51,768,"ANO 2011","ANO",1,1,31.3836009784111,38.29,40.7210464745294,0
2017,5312,"Svitavy",31.18,768,"ANO 2011","ANO",1,1,33.3119658119658,41,43.8034188034188,0
2017,5313,"Ústí nad Orlicí",29.63,768,"ANO 2011","ANO",1,1,31.5985923003093,37.82,40.3327290178095,0
2017,5314,"Vysoké Mýto",28.17,768,"ANO 2011","ANO",1,1,31.282620766241,34.96,38.8228761799,0
2017,5315,"Žamberk",27.05,768,"ANO 2011","ANO",1,1,28.5699197296155,33.71,35.6041402619349,0
2017,6101,"Bystřice nad Pernštejnem",29.16,768,"ANO 2011","ANO",1,1,30.906200317965,43.57,46.1791202967674,0
2017,6102,"Havlíčkův Brod",29.15,768,"ANO 2011","ANO",1,1,30.9087053334747,37.57,39.8367087265401,0
2017,6103,"Humpolec",28.68,768,"ANO 2011","ANO",1,1,30.3011093502377,39.15,41.3629160063391,0
2017,6104,"Chotěboř",30.27,768,"ANO 2011","ANO",1,1,32.1030862233535,38.44,40.767843885884,0
2017,6105,"Jihlava",28.25,768,"ANO 2011","ANO",1,1,30.3796107108291,36.4,39.1439939778471,0
2017,6106,"Moravské Budějovice",26.37,768,"ANO 2011","ANO",1,1,27.6183493925429,35.72,37.4109761206535,0
2017,6107,"Náměšť nad Oslavou",31.92,768,"ANO 2011","ANO",1,1,33.6283185840708,40.26,42.4146649810367,0
2017,6108,"Nové Město na Moravě",25.67,768,"ANO 2011","ANO",1,1,26.9218668065024,40.86,42.8526481384373,0
2017,6109,"Pacov",24.78,768,"ANO 2011","ANO",1,1,26.0020986358867,34.06,35.7397691500525,0
2017,6110,"Pelhřimov",27.06,768,"ANO 2011","ANO",1,1,28.481212503947,40.34,42.458688559099,0
2017,6111,"Světlá nad Sázavou",34.2,768,"ANO 2011","ANO",1,1,36.1675126903553,42.01,44.4268189509306,0
2017,6112,"Telč",22.98,768,"ANO 2011","ANO",1,1,24.2073106499526,29.55,31.128199726114,0
2017,6113,"Třebíč",29.06,768,"ANO 2011","ANO",1,1,30.7708598051673,37.12,39.3053790766624,0
2017,6114,"Velké Meziříčí",26.96,768,"ANO 2011","ANO",1,1,28.998601699473,36.98,39.7762719156717,0
2017,6115,"Žďár nad Sázavou",29.69,768,"ANO 2011","ANO",1,1,31.4379500211775,39.69,42.0266836086404,0
2017,6201,"Blansko",26.36,768,"ANO 2011","ANO",1,1,27.9503764181953,36.53,38.7339624642138,0
2017,6202,"Boskovice",25.98,768,"ANO 2011","ANO",1,1,27.800963081862,36.63,39.1974317817014,0
2017,6203,"Brno",24.55,768,"ANO 2011","ANO",1,1,26.4947118497734,32.3,34.8586229225124,0
2017,6204,"Břeclav",31.59,768,"ANO 2011","ANO",1,1,33.5421533234232,40.16,42.6417498407305,0
2017,6205,"Bučovice",24.71,768,"ANO 2011","ANO",1,1,26.3012240553486,38.75,41.2453432676956,0
2017,6206,"Hodonín",31.37,768,"ANO 2011","ANO",1,1,33.9465425819716,40.29,43.5991775781842,0
2017,6207,"Hustopeče",32.87,768,"ANO 2011","ANO",1,1,34.7132748970324,38.87,41.0497412609568,0
2017,6208,"Ivančice",30.65,768,"ANO 2011","ANO",1,1,32.1615949632739,37.49,39.3389296956978,0
2017,6209,"Kuřim",25.64,768,"ANO 2011","ANO",1,1,27.7099319139738,32.8,35.4479628228683,0
2017,6210,"Kyjov",28.96,768,"ANO 2011","ANO",1,1,30.4010077682133,37.45,39.3134579046819,0
2017,6211,"Mikulov",26.67,768,"ANO 2011","ANO",1,1,28.1269774309217,33.57,35.4039232229487,0
2017,6212,"Moravský Krumlov",31.57,768,"ANO 2011","ANO",1,1,33.2946635730858,39.43,41.584053997047,0
2017,6213,"Pohořelice",36.49,768,"ANO 2011","ANO",1,1,38.6260188419604,43.3,45.8346565047105,0
2017,6214,"Rosice",29.9,768,"ANO 2011","ANO",1,1,32.2789593004426,37.71,40.710353017381,0
2017,6215,"Slavkov u Brna",19.89,768,"ANO 2011","ANO",1,1,21.3274715848166,35.24,37.7868325112589,0
2017,6216,"Šlapanice",24.62,768,"ANO 2011","ANO",1,1,26.2921828278513,31.9,34.0666381888082,0
2017,6217,"Tišnov",26.93,768,"ANO 2011","ANO",1,1,29.0037695207324,35.86,38.6214324178783,0
2017,6218,"Veselí nad Moravou",29.73,768,"ANO 2011","ANO",1,1,31.2060459745985,39.92,41.9019628424478,0
2017,6219,"Vyškov",26.56,768,"ANO 2011","ANO",1,1,28.6268592369045,39.31,42.3690450528131,0
2017,6220,"Znojmo",31.04,768,"ANO 2011","ANO",1,1,32.8326634228898,41.7,44.1083139411889,0
2017,6221,"Židlochovice",28.31,768,"ANO 2011","ANO",1,1,30.5591537132988,34.51,37.2517271157168,0
2017,7101,"Hranice",31.36,768,"ANO 2011","ANO",1,1,33.2873368007642,38.04,40.3778792060291,0
2017,7102,"Jeseník",31.56,768,"ANO 2011","ANO",1,1,33.0678960603521,38.65,40.4966471081308,0
2017,7103,"Konice",20.47,768,"ANO 2011","ANO",1,1,21.8067540215191,32.1,34.1962288271013,0
2017,7104,"Lipník nad Bečvou",31.64,768,"ANO 2011","ANO",1,1,33.5205000529717,38.64,40.9365398877,0
2017,7105,"Litovel",31.77,768,"ANO 2011","ANO",1,1,33.4632399410154,40.43,42.584790393933,0
2017,7106,"Mohelnice",33.31,768,"ANO 2011","ANO",1,1,35.6447298020332,40.91,43.7774210807919,0
2017,7107,"Olomouc",28.18,768,"ANO 2011","ANO",1,1,30.2750322303395,35.88,38.5474860335196,0
2017,7108,"Prostějov",30.19,768,"ANO 2011","ANO",1,1,32.0386288867664,39.38,41.7913615621352,0
2017,7109,"Přerov",33.92,768,"ANO 2011","ANO",1,1,35.7541899441341,40.88,43.0905449562559,0
2017,7110,"Šternberk",31.75,768,"ANO 2011","ANO",1,1,33.326335677548,39.33,41.2826703054477,0
2017,7111,"Šumperk",31.89,768,"ANO 2011","ANO",1,1,33.7210531881146,39.3,41.5565189806493,0
2017,7112,"Uničov",33.38,768,"ANO 2011","ANO",1,1,35.0667086878874,41.7,43.8071225969114,0
2017,7113,"Zábřeh",32.51,768,"ANO 2011","ANO",1,1,34.333086915197,39.5,41.7150702291689,0
2017,7201,"Bystřice pod Hostýnem",30.07,768,"ANO 2011","ANO",1,1,31.4473959422715,36.47,38.1405563689605,0
2017,7202,"Holešov",28.71,768,"ANO 2011","ANO",1,1,30.2592748735245,38.64,40.7251264755481,0
2017,7203,"Kroměříž",30.09,768,"ANO 2011","ANO",1,1,32.2059295729423,37.72,40.3724713689393,0
2017,7204,"Luhačovice",29.08,768,"ANO 2011","ANO",1,1,31.5264527320035,35.17,38.1287944492628,0
2017,7205,"Otrokovice",33.97,768,"ANO 2011","ANO",1,1,36.3899303695769,42.24,45.2490626673808,0
2017,7206,"Rožnov pod Radhoštěm",30.31,768,"ANO 2011","ANO",1,1,32.5214592274678,36.46,39.1201716738197,0
2017,7207,"Uherské Hradiště",24.53,768,"ANO 2011","ANO",1,1,26.0874189088589,32.41,34.4677230671062,0
2017,7208,"Uherský Brod",25.32,768,"ANO 2011","ANO",1,1,26.8476301558689,33.11,35.1076237938713,0
2017,7209,"Valašské Klobouky",26.07,768,"ANO 2011","ANO",1,1,27.2613196695598,32.19,33.6609850465335,0
2017,7210,"Valašské Meziříčí",34.33,768,"ANO 2011","ANO",1,1,36.4747131321717,40.68,43.2214194645134,0
2017,7211,"Vizovice",25.66,768,"ANO 2011","ANO",1,1,27.373586515895,31.07,33.1448687860038,0
2017,7212,"Vsetín",25.48,768,"ANO 2011","ANO",1,1,27.4628152619099,33.6,36.2147014442768,0
2017,7213,"Zlín",29.98,768,"ANO 2011","ANO",1,1,32.2192369693713,36.16,38.8608275120903,0
2017,8101,"Bílovec",34.3,768,"ANO 2011","ANO",1,1,36.2540957615474,42.27,44.6781524151781,0
2017,8102,"Bohumín",35.18,768,"ANO 2011","ANO",1,1,37.2669491525424,49.01,51.9173728813559,1
2017,8103,"Bruntál",36.06,768,"ANO 2011","ANO",1,1,38.1991525423729,44.12,46.7372881355932,0
2017,8104,"Český Těšín",34.71,768,"ANO 2011","ANO",1,1,36.5599325890036,43.17,45.4708236781125,0
2017,8105,"Frenštát pod Radhoštěm",33.65,768,"ANO 2011","ANO",1,1,35.7902573920442,41.66,44.309721335886,0
2017,8106,"Frýdek-Místek",35.65,768,"ANO 2011","ANO",1,1,37.5658587987355,44.59,46.986301369863,0
2017,8107,"Frýdlant nad Ostravicí",34.58,768,"ANO 2011","ANO",1,1,36.4614086883172,43.52,45.8878110501898,0
2017,8108,"Havířov",36.83,768,"ANO 2011","ANO",1,1,38.7725023686704,46.34,48.7840825350037,0
2017,8109,"Hlučín",36.5,768,"ANO 2011","ANO",1,1,38.710361650228,45.19,47.9266093965426,0
2017,8110,"Jablunkov",26.74,768,"ANO 2011","ANO",1,1,28.0117326628955,42.02,44.0184370416929,0
2017,8111,"Karviná",40.07,768,"ANO 2011","ANO",1,1,41.7352359129257,51.58,53.7235704614103,1
2017,8112,"Kopřivnice",32.77,768,"ANO 2011","ANO",1,1,34.8988285410011,41.86,44.5793397231097,0
2017,8113,"Kravaře",33.51,768,"ANO 2011","ANO",1,1,34.855419180362,41.02,42.6669440399417,0
2017,8114,"Krnov",36.05,768,"ANO 2011","ANO",1,1,38.1885593220339,43.63,46.218220338983,0
2017,8115,"Nový Jičín",33.06,768,"ANO 2011","ANO",1,1,35.3772070626003,41.78,44.7084002140182,0
2017,8116,"Odry",35.7,768,"ANO 2011","ANO",1,1,37.6542558801814,43.69,46.0816369581268,0
2017,8117,"Opava",32,768,"ANO 2011","ANO",1,1,33.9162692103869,40.3,42.713301536831,0
2017,8118,"Orlová",41.31,768,"ANO 2011","ANO",1,1,43.5208596713022,50.38,53.0762747576907,1
2017,8119,"Ostrava",35.42,768,"ANO 2011","ANO",1,1,37.6488095238095,43.86,46.6198979591837,0
2017,8120,"Rýmařov",35.36,768,"ANO 2011","ANO",1,1,37.3074488288668,48.25,50.907364422874,1
2017,8121,"Třinec",37.14,768,"ANO 2011","ANO",1,1,39.0947368421053,47.3,49.7894736842105,0
2017,8122,"Vítkov",40.66,768,"ANO 2011","ANO",1,1,42.4425887265136,48.46,50.5845511482255,1
